455,"05102","Nzangwa","CS","05",,"EST","0507","BUGESERA",,,-2.33,30.26,"public",21338,2002,"National Census",6,"Nyamata HD"
458,"05105","Ruhuha","CS","05","05","EST","0507","BUGESERA","050713","Ruhuha",-2.31,30.05,"agree",28771,2002,"National Census",1,"Nyamata HD"
456,"05103","Prison Rilima (via CS)","PRIS","05","05","EST","0507","BUGESERA","050712","Ririma",-2.17,30.22,"public",9076,2002,"National Census",,
454,"05101","Nyamata HD","HD","05","05","EST","0507","BUGESERA","050710","Nyamata",-2.13,30.07,"public",333693,2002,"National Census",12,
453,"05100","Nyamata","CS","05","05","EST","0507","BUGESERA","050710","Nyamata",-2.14,30.09,"public",31170,2002,"National Census",5,"Nyamata HD"
452,"05099","Mwogo","CS","05","05","EST","0507","BUGESERA","050707","Mwogo",-2.08,30.15,"public",17340,2002,"National Census",10,"Nyamata HD"
446,"05093","Gakurazo","CS","05","05","EST","0507","BUGESERA","050706","Musenyi",-2.18,30.02,"public",16370,2002,"National Census",11,"Nyamata HD"
450,"05097","Mareba","CS","05","05","EST","0507","BUGESERA","050704","Mareba",-2.24,30.07,"public",31977,2002,"National Census",9,"Nyamata HD"
449,"05096","Kamabuye","CS","05","05","EST","0507","BUGESERA","050703","Kamabuye",-2.37,30.13,"public",29091,2002,"National Census",8,"Nyamata HD"
448,"05095","Gihinga","CS","05","05","EST","0507","BUGESERA","050715","Shyara",-2.27,30.00,"public",28288,2002,"National Census",7,"Nyamata HD"
447,"05094","Gashora","CS","05","05","EST","0507","BUGESERA","050701","Gashora",-2.20,30.24,"public",21651,2002,"National Census",3,"Nyamata HD"
451,"05098","Mayange","CS","05","05","EST","0507","BUGESERA","050705","Mayange",-2.20,30.14,"public",22584,2002,"National Census",2,"Nyamata HD"
457,"05104","Rilima","CS","05","05","EST","0507","BUGESERA","050712","Ririma",-2.17,30.22,"agree",47749,2002,"National Census",4,"Nyamata HD"
387,"05034","Gakenke","CS","05","05","EST","0503","GATSIBO","050306","Kiramuruzi",-1.80,30.41,"public",23635,2002,"National Census",378,"Kiziguro HD"
388,"05035","Gasange","CS","05","05","EST","0503","GATSIBO","050301","Gasange",,,"public",17316,2008,,372,"Kiziguro HD"
389,"05036","Gituza","CS","05","05","EST","0503","GATSIBO","050305","Kageyo",-1.61,30.29,"public",19150,2002,"National Census",367,"Ngarama HD"
390,"05037","Humure","CS","05","05","EST","0503","GATSIBO","050312","Remera",-1.79,30.30,"public",10791,2002,"National Census",384,"Kiziguro HD"
391,"05038","Kabarore","CS","05","05","EST","0503","GATSIBO","050304","Kabarore",-1.62,30.38,"public",49846,2002,"National Census",379,"Kiziguro HD"
392,"05039","Kageyo","CS","05","05","EST","0503","GATSIBO","050305","Kageyo",-1.67,30.27,"public",11385,2002,"National Census",369,"Ngarama HD"
394,"05041","Kiziguro","CS","05","05","EST","0503","GATSIBO","050307","Kiziguro",-1.76,30.38,"agree",29464,2002,"National Census",377,"Kiziguro HD"
397,"05044","Ngarama","CS","05","05","EST","0503","GATSIBO","050310","Ngarama",-1.54,30.25,"public",29685,2002,"National Census",370,"Ngarama HD"
463,"120201","Camp Nyabiheke","CS","05","05","EST","0503","GATSIBO","050302","Gatsibo",,,"public",,2008,,,"Ngarama HD"
395,"05042","Kiziguro HD","HD","05","05","EST","0503","GATSIBO","050307","Kiziguro",-1.76,30.38,"agree",195423,2002,"National Census",380,
393,"05040","Kibondo","CS","05","05","EST","0503","GATSIBO","050304","Kabarore",-1.56,30.31,"public",16486,2002,"National Census",375,"Ngarama HD"
398,"05045","Ngarama HD","HD","05","05","EST","0503","GATSIBO","050310","Ngarama",-1.54,30.24,"public",126245,2002,"National Census",374,
399,"05046","Nyagahanga","CS","05","05","EST","0503","GATSIBO","050302","Gatsibo",-1.60,30.22,"public",23586,2002,"National Census",368,"Ngarama HD"
400,"05047","Nyagihanga","CS","05","05","EST","0503","GATSIBO","050311","Nyagihanga",,,"public",21705,2002,"National Census",382,"Ngarama HD"
386,"05033","Bugarura","CS","05","05","EST","0503","GATSIBO","050312","Remera",-1.73,30.33,"public",13360,2002,"National Census",371,"Kiziguro HD"
401,"05048","Rugarama","CS","05","05","EST","0503","GATSIBO","050313","Rugarama",-1.70,30.41,"public",20563,2002,"National Census",383,"Kiziguro HD"
396,"05043","Muhura","CS","05","05","EST","0503","GATSIBO","050308","Muhura",-1.75,30.29,"agree",30985,2002,"National Census",381,"Kiziguro HD"
402,"05049","Rwembogo","CS","05","05","EST","0503","GATSIBO","050314","Rwimbogo",,,"agree",34149,2008,,373,"Kiziguro HD"
403,"05050","Rwimitereri","CS","05","05","EST","0503","GATSIBO","050309","Murambi",-1.81,30.34,"public",16779,2002,"National Census",376,"Kiziguro HD"
561,,"Gitoki","CS","05","05","EST","0503","GATSIBO","050303","Gitoki",,,"public",,,,,
412,"05059","Nyamirama","CS","05","05","EST","0504","KAYONZA","050409","Nyamirama",,,"public",16000,2002,"National Census",125,"Rwinkwavu HD"
406,"05053","Gahini HD","HD","05","05","EST","0504","KAYONZA","050401","Gahini",-1.84,30.48,"agree",103546,2002,"National Census",129,
407,"05054","Kabarondo","CS","05","05","EST","0504","KAYONZA","050403","Kabarondo",-2.01,30.55,"public",23000,2002,"National Census",123,"Rwinkwavu HD"
409,"05056","Mukarange","CS","05","05","EST","0504","KAYONZA","050404","Mukarange",-1.90,30.49,"public",24093,2002,"National Census",127,"Gahini HD"
405,"05052","Gahini","CS","05","05","EST","0504","KAYONZA","050401","Gahini",-1.84,30.48,"agree",18360,2002,"National Census",130,"Gahini HD"
411,"05058","Nyakabungo","CS","05","05","EST","0504","KAYONZA","050407","Mwiri",-1.83,30.58,"public",20782,2002,"National Census",131,"Gahini HD"
408,"05055","Karama","CS","05","05","EST","0504","KAYONZA","050405","Murama",-2.05,30.60,"public",16039,2002,"National Census",126,"Rwinkwavu HD"
413,"05060","Rukara","CS","05","05","EST","0504","KAYONZA","050410","Rukara",-1.69,30.50,"agree",27968,2002,"National Census",132,"Gahini HD"
414,"05061","Ruramira","CS","05","05","EST","0504","KAYONZA","050411","Ruramira",-1.98,30.50,"public",11728,2002,"National Census",122,"Rwinkwavu HD"
415,"05062","Rutare","CS","05","05","EST","0504","KAYONZA","050404","Mukarange",-1.92,30.55,"public",19556,2002,"National Census",124,"Rwinkwavu HD"
416,"05063","Rwinkwavu","CS","05","05","EST","0504","KAYONZA","050412","Rwinkwavu",-1.96,30.61,"agree",19519,2002,"National Census",120,"Rwinkwavu HD"
417,"05064","Rwinkwavu HD","HD","05","05","EST","0504","KAYONZA","050412","Rwinkwavu",-1.96,30.61,"agree",129133,2002,"National Census",119,
418,"05065","Ryamanyoni","CS","05","05","EST","0504","KAYONZA","050406","Murundi",-1.71,30.48,"public",12343,2002,"National Census",133,"Gahini HD"
496,"130601","Buhabwa","PS","05","05","EST","0504","KAYONZA","050406","Murundi",,,"public",,2008,,,
498,"130702","Kageyo (Kayonza)","PS","05","05","EST","0504","KAYONZA","050407","Mwiri",,,"public",,2008,,,
410,"05057","Ndego","CS","05","05","EST","0504","KAYONZA","050408","Ndego",-2.01,30.70,"agree",10053,2002,"National Census",121,"Rwinkwavu HD"
531,"130401","KAYONZA","DISP","05",,"EST","0504","KAYONZA",,,,,"private",,2008,,,
532,"130301","KABARONDO (PRIVE)","DISP","05",,"EST","0504","KAYONZA",,,,,"private",,2008,,,
533,"130404","SEVER","DISP","05",,"EST","0504","KAYONZA",,,,,"private",,2008,,,
534,"130303","UBUMWE","DISP","05",,"EST","0504","KAYONZA",,,,,"private",,2008,,,
404,"05051","Cyarubare","CS","05","05","EST","0504","KAYONZA","050402","Kabare",-2.02,30.63,"public",29238,2002,"National Census",128,"Rwinkwavu HD"
594,,"Kageyo (Kayonza)","CS","05","05","EST","0504","KAYONZA","050407","Mwiri",,,"public",,2009,,,
426,"05073","Musaza","CS","05","05","EST","0505","KIREHE","050508","Musaza",-2.33,30.62,"public",33407,2002,"National Census",140,"Kirehe HD"
432,"05079","Rusumo","CS","05","05","EST","0505","KIREHE","050511","Nyamugari",-2.28,30.75,"agree",29400,2002,"National Census",144,"Kirehe HD"
431,"05078","Nyarubuye","CS","05","05","EST","0505","KIREHE","050512","Nyarubuye",-2.17,30.75,"agree",20768,2002,"National Census",143,"Kirehe HD"
430,"05077","Nyabitare","CS","05",,"EST","0505","KIREHE",,,-2.21,30.79,"public",7398,2002,"National Census",,"Kirehe HD"
429,"05076","Ntaruka","CS","05","05","EST","0505","KIREHE","050509","Mushikiri",-2.14,30.69,"public",27793,2002,"National Census",142,"Kirehe HD"
427,"05074","Mushikiri","DISP","05","05","EST","0505","KIREHE","050509","Mushikiri",,,"public",17227,2002,"National Census",,
424,"05071","Kirehe HD","HD","05","05","EST","0505","KIREHE","050505","Kirehe",,,"agree",,2002,"National Census",293,
423,"05070","Kirehe","CS","05","05","EST","0505","KIREHE","050505","Kirehe",-2.26,30.65,"agree",13816,2002,"National Census",134,"Kirehe HD"
422,"05069","Kabuye (Kirehe)","DISP","05","05","EST","0505","KIREHE","050507","Mpanga",-2.08,30.77,"public",7060,2002,"National Census",138,"Kirehe HD"
421,"05068","Gashongora","CS","05","05","EST","0505","KIREHE","050501","Gahara",-2.31,30.55,"public",19227,2002,"National Census",137,"Kirehe HD"
419,"05066","Bukora","CS","05","05","EST","0505","KIREHE","050511","Nyamugari",-2.30,30.78,"public",21119,2002,"National Census",135,"Kirehe HD"
425,"05072","Mulindi","CS","05","05","EST","0505","KIREHE","050510","Nasho",-2.10,30.69,"agree",13816,2002,"National Census",139,"Kirehe HD"
428,"05075","Nasho","CS","05","05","EST","0505","KIREHE","050507","Mpanga",-2.13,30.85,"public",8972,2002,"National Census",141,"Kirehe HD"
420,"05067","Gahara","CS","05","05","EST","0505","KIREHE","050501","Gahara",-2.33,30.50,"public",19094,2002,"National Census",136,"Kirehe HD"
434,"05081","Jarama","CS","05","05","EST","0506","NGOMA","050602","Jarama",-2.28,30.38,"agree",19371,2002,"National Census",161,"Kibungo HD"
439,"05086","Nyange","CS","05","05","EST","0506","NGOMA","050606","Mugesera",-2.11,30.37,"public",20846,2002,"National Census",165,"Kibungo HD"
438,"05085","Mutenderi","CS","05","05","EST","0506","NGOMA","050608","Mutenderi",-2.27,30.48,"public",27957,2002,"National Census",164,"Kibungo HD"
437,"05084","Kirwa","CS","05","05","EST","0506","NGOMA","050612","Rurenge",-2.07,30.46,"public",17127,2002,"National Census",163,"Kibungo HD"
435,"05082","Kibungo","CS","05","05","EST","0506","NGOMA","050605","Kibungo",-2.16,30.54,"public",50270,2002,"National Census",162,"Kibungo HD"
433,"05080","Gituku","CS","05","05","EST","0506","NGOMA","050610","Rukira",-2.13,30.63,"agree",14669,2002,"National Census",160,"Kibungo HD"
440,"05087","Remera","CS","05","05","EST","0506","NGOMA","050609","Remera",-2.08,30.55,"public",17446,2002,"National Census",166,"Kibungo HD"
436,"05083","Kibungo HD","HD","05","05","EST","0506","NGOMA","050605","Kibungo",-2.16,30.53,"public",265639,2002,"National Census",159,
442,"05089","Rukoma Sake","CS","05","05","EST","0506","NGOMA","050613","Sake",-2.21,30.38,"agree",19542,2002,"National Census",168,"Kibungo HD"
443,"05090","Rukumberi","CS","05","05","EST","0506","NGOMA","050611","Rukumberi",-2.17,30.32,"public",18205,2002,"National Census",169,"Kibungo HD"
445,"05092","Zaza","CS","05","05","EST","0506","NGOMA","050614","Zaza",-2.15,30.43,"agree",21332,2002,"National Census",171,"Kibungo HD"
441,"05088","Rukira","CS","05","05","EST","0506","NGOMA","050607","Murama",-2.19,30.58,"agree",42264,2002,"National Census",167,"Kibungo HD"
444,"05091","Sangaza","CS","05","05","EST","0506","NGOMA","050606","Mugesera",-2.18,30.39,"public",11279,2002,"National Census",170,"Kibungo HD"
373,"05020","Matimba","CS","05","05","EST","0502","NYAGATARE","050206","MATIMBA",-1.12,30.42,"agree",11126,2002,"National Census",244,
380,"05027","Nyagatare HD","HD","05","05","EST","0502","NYAGATARE","050210","NYAGATARE",-1.29,30.32,"public",283131,2002,"National Census",230,
385,"05032","Tabagwe","CS","05","05","EST","0502","NYAGATARE","050214","TABAGWE",-1.28,30.21,"public",20990,2002,"National Census",248,"Nyagatare HD"
384,"05031","Rwempasha","CS","05","05","EST","0502","NYAGATARE","050212","RWEMPASHA",-1.22,30.30,"public",6607,2002,"National Census",240,"Nyagatare HD"
383,"05030","Rurenge","CS","05","05","EST","0502","NYAGATARE","050211","RUKOMO",-1.33,30.27,"public",12515,2002,"National Census",243,"Nyagatare HD"
382,"05029","Rukomo","CS","05","05","EST","0502","NYAGATARE","050211","RUKOMO",-1.37,30.25,"public",25626,2002,"National Census",242,"Nyagatare HD"
381,"05028","Nyarurema","CS","05","05","EST","0502","NYAGATARE","050201","GATUNDA",-1.40,30.16,"agree",27760,2002,"National Census",232,"Nyagatare HD"
379,"05026","Nyagatare","CS","05","05","EST","0502","NYAGATARE","050210","NYAGATARE",-1.29,30.32,"public",13252,2002,"National Census",231,"Nyagatare HD"
377,"05024","Nyabwishongwezi","CS","05","05","EST","0502","NYAGATARE","050206","MATIMBA",-1.08,30.41,,11126,2002,"National Census",,"Nyagatare HD"
376,"05023","Ntoma","CS","05","05","EST","0502","NYAGATARE","050209","MUSHERI",-1.13,30.38,"public",17225,2002,"National Census",239,"Nyagatare HD"
374,"05021","Mimuri","CS","05","05","EST","0502","NYAGATARE","050207","MIMURI",-1.44,30.25,"public",10690,2002,"National Census",237,"Nyagatare HD"
372,"05019","Katabagemu","CS","05","05","EST","0502","NYAGATARE","050204","KATABAGEMU",-1.47,30.27,"public",17152,2002,"National Census",241,"Nyagatare HD"
371,"05018","Karangazi","CS","05","05","EST","0502","NYAGATARE","050210","NYAGATARE",-1.38,30.38,"public",23764,2002,"National Census",234,"Nyagatare HD"
370,"05017","Kagitumba","CS","05","05","EST","0502","NYAGATARE","050206","MATIMBA",-1.07,30.44,"public",5406,2002,"National Census",245,"Nyagatare HD"
369,"05016","Kabuga","CS","05","05","EST","0502","NYAGATARE","050202","KARAMA",-1.35,30.19,"public",11360,2002,"National Census",247,"Nyagatare HD"
368,"05015","Cyondo","CS","05","05","EST","0502","NYAGATARE","050205","KIYOMBE",-1.44,30.12,"public",14560,2002,"National Census",236,"Nyagatare HD"
367,"05014","Cyabayaga","CS","05","05","EST","0502","NYAGATARE","050210","NYAGATARE",-1.39,30.29,"public",14948,2002,"National Census",235,"Nyagatare HD"
366,"05013","Bugaragara","CS","05","05","EST","0502","NYAGATARE","050213","RWIMIYAGA",-1.29,30.41,"public",19808,2002,"National Census",246,"Nyagatare HD"
375,"05022","Muhambo","CS","05","05","EST","0502","NYAGATARE","050201","GATUNDA",-1.44,30.16,"public",12701,2002,"National Census",233,"Nyagatare HD"
378,"05025","Nyagahita","CS","05","05","EST","0502","NYAGATARE","050207","MIMURI",-1.48,30.20,"public",17641,2002,"National Census",238,"Nyagatare HD"
547,"170601","AVEGA RWAMAGANA","CLIN","05","05","EST","0501","RWAMAGANA","050106","Muhazi",,,"private",,2008,,,
358,"05005","Muyumbu","CS","05","05","EST","0501","RWAMAGANA","050110","Muyumbu",-1.97,30.25,"public",15673,2002,"National Census",349,"Rwamagana HD"
359,"05006","Nyagasambu","CS","05","05","EST","0501","RWAMAGANA","050101","Fumbwe",-1.89,30.27,"public",29451,2002,"National Census",350,"Rwamagana HD"
360,"05007","Nyakaliro","CS","05","05","EST","0501","RWAMAGANA","050112","Nyakaliro",-2.03,30.25,"public",15568,2002,"National Census",348,"Rwamagana HD"
361,"05008","Nzige","CS","05","05","EST","0501","RWAMAGANA","050113","Nzige",-2.02,30.33,"public",25757,2002,"National Census",346,"Rwamagana HD"
356,"05003","Munyaga","CS","05","05","EST","0501","RWAMAGANA","050107","Munyaga",-2.02,30.46,"agree",15424,2002,"National Census",351,"Rwamagana HD"
363,"05010","Ruhunda","CS","05","05","EST","0501","RWAMAGANA","050103","Gishali",-1.90,30.41,"public",19860,2002,"National Census",352,"Rwamagana HD"
355,"05002","Karenge","CS","05","05","EST","0501","RWAMAGANA","050104","Karenge",-2.08,30.30,"public",12303,2002,"National Census",347,"Rwamagana HD"
364,"05011","Rwamagana","CS","05","05","EST","0501","RWAMAGANA","050105","Kigabiro",-1.95,30.43,"public",33504,2002,"National Census",344,"Rwamagana HD"
365,"05012","Rwamagana HD","HD","05","05","EST","0501","RWAMAGANA","050105","Kigabiro",-1.95,30.43,"public",205724,2002,"National Census",343,
585,,"Murambi","CS","05","05","EST","0501","RWAMAGANA","050106","Muhazi",,,"public",,,,,
550,"170603","PRISON Nsinda","PRIS","05","05","EST","0501","RWAMAGANA","050106","Muhazi",,,"public",,2008,,,
549,"171101","LA CONFIANCE","DISP","05","05","EST","0501","RWAMAGANA","050111","Mwulire",,,"private",,2008,,,
548,"170602","DUFASHANYE","DISP","05","05","EST","0501","RWAMAGANA","050114","Rubona",,,"private",,2008,,,
362,"05009","Rubona","CS","05","05","EST","0501","RWAMAGANA","050114","Rubona",-2.03,30.39,"public",24382,2002,"National Census",345,"Rwamagana HD"
497,"170201","Gahengeri","CS","05","05","EST","0501","RWAMAGANA","050102","Gahengeri",,,"public",,2008,,,"Rwamagana HD"
354,"05001","Gishari/ Police","DISP","05","05","EST","0501","RWAMAGANA","050103","Gishali",,,"public",6400,2008,,354,
357,"05004","Musha","CS","05","05","EST","0501","RWAMAGANA","050109","Musha",-1.93,30.33,"public",13802,2002,"National Census",353,"Rwamagana HD"
326,"04056","Kirambo","CS","04","04","NORD","0404","BURERA","040416","Rusarabuye",-1.49,29.83,"public",43314,2002,"National Census",355,"Butaro HD"
320,"04050","Bungwe","CS","04","04","NORD","0404","BURERA","040401","Bungwe",-1.50,29.97,"agree",27889,2002,"National Census",361,"Butaro HD"
321,"04051","Butaro","CS","04","04","NORD","0404","BURERA","040402","Butaro",-1.40,29.83,"agree",35217,2002,"National Census",365,"Butaro HD"
322,"04052","Butaro HD","HD","04","04","NORD","0404","BURERA","040402","Butaro",,,"public",,2008,,,
323,"04053","Gitare","CS","04","04","NORD","0404","BURERA","040408","Kagogo",-2.39,29.76,"public",47494,2002,"National Census",366,"Butaro HD"
586,,"Gahunga","CS","04","04","NORD","0404","BURERA","040405","Gahunga",,,"public",,,,,
325,"04055","Kinyababa","CS","04","04","NORD","0404","BURERA","040410","Kinyababa",-1.36,29.81,"public",19900,2002,"National Census",357,"Butaro HD"
330,"04060","Nyamugali","CS","04","04","NORD","0404","BURERA","040412","Nemba",-1.60,29.88,"public",20014,2002,"National Census",364,"Butaro HD"
327,"04057","Kivuye","CS","04","04","NORD","0404","BURERA","040411","Kivuye",-1.49,29.93,"public",13604,2002,"National Census",363,"Butaro HD"
329,"04059","Ntaruka","CS","04","04","NORD","0404","BURERA","040409","Kinoni",-1.47,29.74,"public",21683,2002,"National Census",356,"Butaro HD"
331,"04061","Ruhunde","CS","04","04","NORD","0404","BURERA","040415","Ruhunde",-1.57,29.94,"public",18351,2002,"National Census",360,"Butaro HD"
332,"04062","Rusasa","CS","04","04","NORD","0404","BURERA","040411","Kivuye",-1.45,29.87,"public",12849,2002,"National Census",362,"Butaro HD"
324,"04054","Kinoni","CS","04","04","NORD","0404","BURERA","040409","Kinoni",-1.43,29.72,"agree",51291,2002,"National Census",358,"Butaro HD"
328,"04058","Mucaca","CS","04","04","NORD","0404","BURERA","040414","Rugengabari",-1.38,29.66,"public",24839,2002,"National Census",359,"Butaro HD"
505,,"Rwerere","CS","04","04","NORD","0404","BURERA","040417","Rwerere",,,"agree",,2008,,,
483,"320701","Kamubuga","PS","04","04","NORD","0402","GAKENKE","040207","Kamubuga ",,,"public",,2008,,,
504,,"Ruhinga","PS","04","04","NORD","0402","GAKENKE","040209","Kivuruga ",,,"public",,,,,
519,"320702","KIDOMO","PS","04","04","NORD","0402","GAKENKE","040207","Kamubuga ",,,"public",,2008,,,
520,"321202","MUGUNGA","PS","04","04","NORD","0402","GAKENKE","040212","Mugunga ",,,"public",,2008,,,
522,"320903","SERERI","PS","04","04","NORD","0402","GAKENKE","040209","Kivuruga ",,,"public",,2008,,,
307,"04037","Rwankuba","CS","04","04","NORD","0402","GAKENKE","040219","Rushashi ",-1.75,29.86,"agree",18089,2002,"National Census",14,"Ruli HD"
306,"04036","Rutenderi","CS","04","04","NORD","0402","GAKENKE","040205","Gashenyi ",-1.66,29.85,"public",8000,2002,"National Census",27,"Nemba HD"
305,"04035","Rutake","CS","04","04","NORD","0402","GAKENKE","040206","Janja ",-1.78,29.72,"public",12395,2002,"National Census",23,"Nemba HD"
304,"04034","Rusoro","CS","04","04","NORD","0402","GAKENKE","040215","Muzo ",-1.71,29.67,"public",8680,2002,"National Census",24,"Nemba HD"
303,"04033","Rushashi","CS","04","04","NORD","0402","GAKENKE","040219","Rushashi ",-1.72,29.85,"public",15272,2002,"National Census",19,"Ruli HD"
302,"04032","Ruli HD","HD","04","04","NORD","0402","GAKENKE","040217","Ruli ",-1.82,29.84,"agree",110812,2002,"National Census",32,
301,"04031","Ruli","CS","04","04","NORD","0402","GAKENKE","040217","Ruli ",-1.82,29.84,"agree",21502,2002,"National Census",18,"Ruli HD"
291,"04021","Gatonde","CS","04","04","NORD","0402","GAKENKE","040212","Mugunga ",-1.65,29.66,"public",17611,2002,"National Census",25,"Nemba HD"
288,"04018","Bushoka","CS","04","04","NORD","0402","GAKENKE","040209","Kivuruga ",-1.59,29.73,"public",17158,2002,"National Census",28,"Nemba HD"
289,"04019","Coko (Ruli)","CS","04","04","NORD","0402","GAKENKE","040202","Coko ",-1.76,29.82,"public",9647,2002,"National Census",17,"Ruli HD"
300,"04030","Rukura","CS","04","04","NORD","0402","GAKENKE","040205","Gashenyi ",-1.69,29.82,"public",15949,2002,"National Census",15,"Ruli HD"
290,"04020","Cyabingo","CS","04","04","NORD","0402","GAKENKE","040203","Cyabingo ",-1.58,29.68,"public",36975,2002,"National Census",29,"Nemba HD"
292,"04022","Janja","CS","04","04","NORD","0402","GAKENKE","040206","Janja ",-1.68,29.67,"agree",24902,2002,"National Census",21,"Nemba HD"
293,"04023","Karambo","CS","04","04","NORD","0402","GAKENKE","040208","Karambo ",-1.63,29.84,"public",25777,2002,"National Census",31,"Nemba HD"
294,"04024","Mataba","CS","04","04","NORD","0402","GAKENKE","040210","Mataba ",-1.71,29.74,"public",23353,2002,"National Census",26,"Nemba HD"
295,"04025","Muhondo","CS","04","04","NORD","0402","GAKENKE","040213","Muhondo ",-1.80,29.89,"public",13469,2002,"National Census",13,"Ruli HD"
296,"04026","Nemba","DISP","04","04","NORD","0402","GAKENKE","040216","Nemba ",-1.63,29.78,"public",42547,2002,"National Census",30,
297,"04027","Nemba HD","HD","04","04","NORD","0402","GAKENKE","040216","Nemba ",-1.63,29.78,"public",245100,2002,"National Census",33,
298,"04028","Nyange (Ruli)","CS","04","04","NORD","0402","GAKENKE","040202","Coko ",-1.80,29.79,"agree",8884,2002,"National Census",16,"Ruli HD"
299,"04029","Nyundo","CS","04","04","NORD","0402","GAKENKE","040218","Rusasa ",-1.60,29.65,"public",12826,2002,"National Census",20,"Nemba HD"
287,"04017","Busengo","CS","04","04","NORD","0402","GAKENKE","040201","Busengo ",-1.62,29.70,"public",22838,2002,"National Census",22,"Nemba HD"
461,"330601","Camp Gihembe","CS","04","04","NORD","0405","GICUMBI","040506","Kageyo",,,"public",,2008,,,"Byumba HD"
338,"04068","Giti","CS","04","04","NORD","0405","GICUMBI","040501","Bukure",-1.78,30.22,"public",20330,2002,"National Census",52,"Byumba HD"
342,"04072","Muhondo","CS","04","04","NORD","0405","GICUMBI","040506","Kageyo",-1.62,30.08,"public",,2002,"National Census",54,"Byumba HD"
341,"04071","Miyove","CS","04","04","NORD","0405","GICUMBI","040509","Miyove",-1.61,29.97,"public",12520,2002,"National Census",49,"Byumba HD"
340,"04070","Manyagiro","CS","04","04","NORD","0405","GICUMBI","040508","Manyagiro",-1.51,30.00,"public",16573,2002,"National Census",51,"Byumba HD"
339,"04069","Kigogo","CS","04","04","NORD","0405","GICUMBI","040514","Nyankenke",-1.59,30.00,"public",24759,2002,"National Census",42,"Byumba HD"
337,"04067","Gisiza","CS","04","04","NORD","0405","GICUMBI","040516","Rukomo",-1.60,30.12,"public",13029,2002,"National Census",36,"Byumba HD"
336,"04066","Byumba HD","HD","04","04","NORD","0405","GICUMBI","040503","Byumba",-1.58,30.05,"public",360417,2002,"National Census",39,
335,"04065","Byumba","CS","04","04","NORD","0405","GICUMBI","040503","Byumba",-1.58,30.05,"public",20616,2002,"National Census",38,"Byumba HD"
343,"04073","Muko","CS","04","04","NORD","0405","GICUMBI","040511","Muko",-1.69,30.22,"public",14681,2002,"National Census",43,"Byumba HD"
333,"04063","Bushara","CS","04",,"NORD","0405","GICUMBI",,,-1.35,30.19,"agree",17407,2002,"National Census",34,"Byumba HD"
348,"04078","Rubaya","CS","04","04","NORD","0405","GICUMBI","040515","Rubaya",-1.46,29.99,"public",11722,2002,"National Census",47,"Byumba HD"
334,"04064","Bwisige","CS","04","04","NORD","0405","GICUMBI","040502","Bwisige",-1.57,30.15,"public",12248,2002,"National Census",35,"Byumba HD"
345,"04075","Mulindi","CS","04","04","NORD","0405","GICUMBI","040507","Kaniga",-1.47,30.04,"public",19177,2002,"National Census",45,"Byumba HD"
353,"04083","Tanda","CS","04","04","NORD","0405","GICUMBI","040505","Giti",-1.79,30.26,"public",17206,2002,"National Census",46,"Byumba HD"
347,"04077","Musenyi","CS","04","04","NORD","0405","GICUMBI","040512","Mutete",-1.70,30.09,"public",18509,2002,"National Census",44,"Byumba HD"
349,"04079","Ruhenda","CS","04","04","NORD","0405","GICUMBI","040503","Byumba",-1.55,30.04,"public",8838,2002,"National Census",41,"Byumba HD"
350,"04080","Rushaki","CS","04","04","NORD","0405","GICUMBI","040517","Rushaki",-1.45,30.09,"agree",24803,2002,"National Census",50,"Byumba HD"
351,"04081","Rutare (Gicumbi)","CS","04","04","NORD","0405","GICUMBI","040518","Rutare",-1.73,30.17,"public",30293,2002,"National Census",48,"Byumba HD"
352,"04082","Rwesero","CS","04","04","NORD","0405","GICUMBI","040520","Rwamiko",-1.79,30.17,"agree",9393,2002,"National Census",37,"Byumba HD"
344,"04074","Mukono","CS","04","04","NORD","0405","GICUMBI","040502","Bwisige",-1.56,30.10,"public",17447,2002,"National Census",40,"Byumba HD"
346,"04076","Munyinya","CS","04","04","NORD","0405","GICUMBI","040516","Rukomo",-1.64,30.13,"public",17632,2002,"National Census",53,"Byumba HD"
314,"04044","Murandi","CS","04","04","NORD","0403","MUSANZE","040313","Remera",-1.54,29.72,"public",31172,2002,"National Census",274,"Ruhengeri HD"
318,"04048","Rwaza","CS","04","04","NORD","0403","MUSANZE","040314","Rwaza",-1.54,29.69,"agree",19556,2002,"National Census",278,"Ruhengeri HD"
317,"04047","Ruhengeri HD","HD","04","04","NORD","0403","MUSANZE","040308","Muhoza",-1.50,29.63,"public",348361,2002,"National Census",277,
316,"04046","Ruhengeri","DISP","04","04","NORD","0403","MUSANZE","040308","Muhoza",-1.50,29.63,"public",75625,2002,"National Census",276,
315,"04045","Nyakinama","CS","04","04","NORD","0403","MUSANZE","040311","Nkotsi",-1.57,29.63,"agree",28125,2002,"National Census",275,"Ruhengeri HD"
308,"04038","Bisate","CS","04","04","NORD","0403","MUSANZE","040307","Kinigi",-1.45,29.52,"public",15427,2002,"National Census",268,"Ruhengeri HD"
309,"04039","Busogo","CS","04","04","NORD","0403","MUSANZE","040301","Busogo",-1.55,29.54,"agree",34186,2002,"National Census",269,"Ruhengeri HD"
536,"340802","PRISON RUHENGERI","DISP","04","04","NORD","0403","MUSANZE","040308","Muhoza",,,"public",,2008,,,
313,"04043","Kinigi","CS","04","04","NORD","0403","MUSANZE","040307","Kinigi",-1.44,29.58,"public",33975,2002,"National Census",273,"Ruhengeri HD"
311,"04041","Kabere","DISP","04","04","NORD","0403","MUSANZE","040309","Muko",-1.55,29.59,"public",17106,2002,"National Census",271,"Ruhengeri HD"
319,"04049","Shingiro","CS","04","04","NORD","0403","MUSANZE","040315","Shingiro",-1.50,29.55,"public",31003,2002,"National Census",279,"Ruhengeri HD"
310,"04040","Gasiza","CS","04","04","NORD","0403","MUSANZE","040302","Cyuve",-1.45,29.65,"public",43091,2002,"National Census",270,"Ruhengeri HD"
312,"04042","Karwasa","CS","04","04","NORD","0403","MUSANZE","040302","Cyuve",-1.48,29.67,"public",19096,2002,"National Census",272,"Ruhengeri HD"
535,"340803","INFIRMERIE ACADEMY ","DISP","04","04","NORD","0403","MUSANZE","040308","Muhoza",,,"private",,2008,,,
277,"04007","Muyanza","CS","04","04","NORD","0401","RULINDO","040104","BUYOGA",-1.69,30.02,"agree",17802,2002,"National Census",307,"Rutongo HD"
286,"04016","Tumba","CS","04","04","NORD","0401","RULINDO","040117","TUMBA",-1.70,29.94,"public",20368,2002,"National Census",310,"Rutongo HD"
285,"04015","Tare","CS","04","04","NORD","0401","RULINDO","040103","BUSHOKI",-1.66,29.88,"public",13186,2002,"National Census",302,"Rutongo HD"
284,"04014","Shyorongi","CS","04","04","NORD","0401","RULINDO","040116","SHYORONGI",-1.86,29.98,"agree",9340,2002,"National Census",297,"Rutongo HD"
282,"04012","Rutongo HD","HD","04","04","NORD","0401","RULINDO","040109","MASORO",-1.81,30.05,"public",247061,2002,"National Census",295,
280,"04010","Rulindo","CS","04","04","NORD","0401","RULINDO","040110","MBOGO",-1.43,30.55,"public",19560,2002,"National Census",308,"Rutongo HD"
278,"04008","Remera-Mbogo","CS","04","04","NORD","0401","RULINDO","040112","NGOMA",-1.78,30.00,"public",12480,2002,"National Census",300,"Rutongo HD"
283,"04013","Rwahi","CS","04","04","NORD","0401","RULINDO","040116","SHYORONGI",-1.86,29.92,"agree",9584,2002,"National Census",305,"Rutongo HD"
276,"04006","Murambi","CS","04","04","NORD","0401","RULINDO","040111","MURAMBI",-1.79,30.04,"public",18500,2002,"National Census",299,"Rutongo HD"
275,"04005","Masoro","CS","04","04","NORD","0401","RULINDO","040109","MASORO",-1.82,30.06,"public",17385,2002,"National Census",296,"Rutongo HD"
274,"04004","Kiyanza","CS","04","04","NORD","0401","RULINDO","040113","NTARABANA",-1.76,30.06,"public",20367,2002,"National Census",301,"Rutongo HD"
273,"04003","Kinihira","CS","04","04","NORD","0401","RULINDO","040107","KINIHIRA",-1.66,29.98,"public",5337,2002,"National Census",303,"Rutongo HD"
272,"04002","Kajevuba","CS","04","04","NORD","0401","RULINDO","040113","NTARABANA",-1.80,30.12,"public",11672,2002,"National Census",298,"Rutongo HD"
271,"04001","Buyoga","CS","04","04","NORD","0401","RULINDO","040104","BUYOGA",-1.69,30.01,"public",16465,2002,"National Census",306,"Rutongo HD"
279,"04009","Rukozo","CS","04","04","NORD","0401","RULINDO","040114","RUKOZO",-1.62,29.94,"agree",15458,2002,"National Census",309,"Rutongo HD"
518,,"Mushongi","CS","04","04","NORD","0401","RULINDO","040101","BASE",,,"public",,2008,,,
281,"04011","Rutonde","CS","04","04","NORD","0401","RULINDO","040116","SHYORONGI",-1.89,29.96,"agree",21150,2002,"National Census",304,"Rutongo HD"
516,,"Kisaro","CS","04","04","NORD","0401","RULINDO","040108","KISARO",,,"public",,2008,,,
517,,"Marembo","CS","04","04","NORD","0401","RULINDO","040106","CYUNGO",,,"public",,2008,,,
154,"03001","Biguhu","CS","03","03","OUEST","0301","KARONGI","030111","Ruganda",-2.22,29.48,"agree",20186,2002,"National Census",114,"Kirinda HD"
155,"03002","Birambo","CS","03","03","OUEST","0301","KARONGI","030102","Gashari",-2.14,29.52,"agree",17767,2002,"National Census",99,"Kirinda HD"
170,"03017","Mukungu","CS","03","03","OUEST","0301","KARONGI","030108","Mutuntu",-2.24,29.24,"agree",21090,2002,"National Census",105,"Kibuye HD"
175,"03022","Rufungo","CS","03","03","OUEST","0301","KARONGI","030110","Rugabano",-2.06,29.53,"public",10264,2002,"National Census",111,"Kibuye HD"
174,"03021","Rubengera","CS","03","03","OUEST","0301","KARONGI","030109","Rubengera",-2.04,29.41,"agree",28075,2002,"National Census",112,"Kibuye HD"
173,"03020","Mwendo","CS","03","03","OUEST","0301","KARONGI","030102","Gashari",-2.18,29.51,"public",,2002,"National Census",109,"Kirinda HD"
172,"03019","Musango","CS","03","03","OUEST","0301","KARONGI","030101","Bwishyura",-2.17,29.43,"agree",20074,2002,"National Census",113,
169,"03016","Mugonero HD","HD","03","03","OUEST","0301","KARONGI","030103","Gishyita",-2.18,29.29,"agree",160275,2002,"National Census",96,
156,"03003","Bubazi","CS","03","03","OUEST","0301","KARONGI","030109","Rubengera",-2.07,29.43,"agree",5000,2002,"National Census",110,
168,"03015","Mugonero","DISP","03","03","OUEST","0301","KARONGI","030103","Gishyita",-2.18,29.29,"agree",10370,2002,"National Census",108,"Mugonero HD"
462,"411201","Kiziba Camp","CS","03","03","OUEST","0301","KARONGI","030112","Rwankuba",,,"public",,2008,,,"Kibuye HD"
164,"03011","Kirinda","DISP","03","03","OUEST","0301","KARONGI","030106","Murambi",-2.18,29.57,"agree",7139,2002,"National Census",100,
163,"03010","Kirambo","CS","03","03","OUEST","0301","KARONGI","030104","Gitesi",-2.11,29.42,"agree",21132,2002,"National Census",104,"Kibuye HD"
162,"03009","Kibuye HD","HD","03","03","OUEST","0301","KARONGI","030101","Bwishyura",-2.06,29.34,"public",149094,2002,"National Census",101,
158,"03005","Gisovu","CS","03","03","OUEST","0301","KARONGI","030113","Twumba",-2.23,29.35,"public",15603,2002,"National Census",106,"Mugonero HD"
176,"03023","Rugabano","CS","03","03","OUEST","0301","KARONGI","030110","Rugabano",-2.10,29.48,"agree",18828,2002,"National Census",103,"Kirinda HD"
171,"03018","Munzanga","CS","03","03","OUEST","0301","KARONGI","030107","Murundi",-2.11,29.58,"public",23223,2002,"National Census",98,"Kirinda HD"
159,"03006","Karongi (Gisunzu) Police","CS","03",,"OUEST","0301","KARONGI",,,,,"public",8007,2002,"National Census",118,"Kibuye HD"
157,"03004","Gatare","CS","03","03","OUEST","0301","KARONGI","030113","Twumba",-2.22,29.30,"agree",11520,2002,"National Census",107,"Mugonero HD"
161,"03008","Kibuye","DISP","03","03","OUEST","0301","KARONGI","030101","Bwishyura",-2.06,29.34,"public",25465,2002,"National Census",102,
167,"03014","Mubuga","CS","03","03","OUEST","0301","KARONGI","030105","Mubuga",-2.13,29.31,"agree",13237,2002,"National Census",115,"Mugonero HD"
166,"03013","Mpembe","CS","03","03","OUEST","0301","KARONGI","030103","Gishyita",-2.11,29.26,"agree",4572,2002,"National Census",116,"Mugonero HD"
165,"03012","Kirinda HD","HD","03","03","OUEST","0301","KARONGI","030106","Murambi",-1.93,29.62,"agree",87143,2002,"National Census",97,
160,"03007","Karora","CS","03","03","OUEST","0301","KARONGI","030105","Mubuga",-2.08,29.29,"agree",17822,2002,"National Census",117,"Mugonero HD"
232,"03079","Nyange B","CS","03","03","OUEST","0305","NGORORERO","030512","NYANGE",-2.05,29.59,"public",39917,2002,"National Census",177,"Muhororo HD"
225,"03072","Kabaya HD","HD","03","03","OUEST","0305","NGORORERO","030504","KABAYA",-1.74,29.53,"public",79657,2002,"National Census",184,
224,"03071","Kabaya","CS","03","03","OUEST","0305","NGORORERO","030504","KABAYA",-1.74,29.53,"public",28470,2002,"National Census",183,"Kabaya HD"
226,"03073","Muhororo","CS","03","03","OUEST","0305","NGORORERO","030509","MUHORORO",-1.93,29.62,"public",29643,2002,"National Census",176,"Muhororo HD"
227,"03074","Muhororo HD","HD","03","03","OUEST","0305","NGORORERO","030509","MUHORORO",-1.93,29.62,"public",221140,2002,"National Census",185,
223,"03070","Gashubi","CS","03","03","OUEST","0305","NGORORERO","030501","BWIRA",,,"public",18000,2008,,180,"Muhororo HD"
228,"03075","Muramba","CS","03","03","OUEST","0305","NGORORERO","030503","HINDIRO",-1.77,29.61,"public",30817,2002,"National Census",179,"Kabaya HD"
229,"03076","Ntaganzwa","CS","03","03","OUEST","0305","NGORORERO","030509","MUHORORO",-1.89,29.61,"public",39219,2002,"National Census",172,"Muhororo HD"
231,"03078","Nyange A","CS","03","03","OUEST","0305","NGORORERO","030511","NGORORERO",-1.83,29.64,"agree",31949,2002,"National Census",174,"Muhororo HD"
233,"03080","Ramba","CS","03","03","OUEST","0305","NGORORERO","030506","KAVUMU",-1.87,29.52,"public",26124,2002,"National Census",181,"Kabaya HD"
235,"03082","Rubona","CS","03","03","OUEST","0305","NGORORERO","030502","GATUMBA",-1.96,29.65,"public",15171,2002,"National Census",173,"Muhororo HD"
234,"03081","Rubaya","CS","03","03","OUEST","0305","NGORORERO","030508","MUHANDA",-1.77,29.50,"public",25063,2002,"National Census",182,"Kabaya HD"
230,"03077","Ntobwe ","CS","03","03","OUEST","0305","NGORORERO","030510","NDARO",,,"public",23442,2008,,178,"Muhororo HD"
236,"03083","Rususa","CS","03","03","OUEST","0305","NGORORERO","030505","KAGEYO",-1.84,29.63,"agree",30334,2002,"National Census",175,"Muhororo HD"
476,"421302","Rugari","DISP","03","03","OUEST","0305","NGORORERO","030513","SOVU",,,"Community",,2008,,,
475,"421301","Mabuye","DISP","03","03","OUEST","0305","NGORORERO","030513","SOVU",,,"Community",,2008,,,
474,"420301","Hindiro","DISP","03","03","OUEST","0305","NGORORERO","030503","HINDIRO",,,"Community",,2008,,,
473,"420801","Gasiza","DISP","03","03","OUEST","0305","NGORORERO","030508","MUHANDA",,,"public",,2008,,,
472,"420701","Gashonyi","DISP","03","03","OUEST","0305","NGORORERO","030507","MATYAZO",,,"Community",,2008,,,
211,"03058","Kabari","CS","03",,"OUEST","0304","NYABIHU",,,-1.64,29.37,"public",,2002,"National Census",,
544,"431202","SHEMA","DISP","03","03","OUEST","0304","NYABIHU","030412","Shyira",,,"private",,2008,,,
206,"03053","Arusha","CS","03",,"OUEST","0304","NYABIHU",,,-1.67,29.41,"public",8600,2002,"National Census",197,"Shyira HD"
208,"03055","Birembo","CS","03","03","OUEST","0304","NYABIHU","030405","Karago",-1.69,29.52,"public",13671,2002,"National Census",190,"Shyira HD"
207,"03054","Bigogwe","CS","03","03","OUEST","0304","NYABIHU","030401","Bigogwe",-1.62,29.42,"agree",15550,2002,"National Census",196,"Shyira HD"
210,"03057","Jomba","CS","03","03","OUEST","0304","NYABIHU","030403","Jomba",-1.70,29.59,"public",25014,2002,"National Census",191,"Shyira HD"
213,"03060","Kareba","CS","03","03","OUEST","0304","NYABIHU","030402","Jenda",-1.58,29.47,"public",26613,2002,"National Census",198,"Shyira HD"
222,"03069","Shyira HD","HD","03","03","OUEST","0304","NYABIHU","030412","Shyira",-1.68,29.62,"agree",292026,2002,"National Census",199,
221,"03068","Shyira","CS","03","03","OUEST","0304","NYABIHU","030412","Shyira",-1.67,29.52,"public",21079,2002,"National Census",201,"Shyira HD"
220,"03067","Rwankeri","CS","03","03","OUEST","0304","NYABIHU","030407","Mukamira",-1.58,29.53,"agree",41116,2002,"National Census",194,"Shyira HD"
219,"03066","Rurembo","CS","03","03","OUEST","0304","NYABIHU","030411","Rurembo",-1.65,29.57,"public",27075,2002,"National Census",186,"Shyira HD"
218,"03065","Rambura","CS","03","03","OUEST","0304","NYABIHU","030409","Rambura",-1.67,29.52,"agree",12292,2002,"National Census",189,"Shyira HD"
212,"03059","Kabatwa","CS","03","03","OUEST","0304","NYABIHU","030404","Kabatwa",-1.54,29.39,"public",16574,2002,"National Census",200,"Shyira HD"
217,"03064","Nyakiliba","CS","03","03","OUEST","0304","NYABIHU","030410","Rugera",-1.63,29.60,"public",13390,2002,"National Census",188,"Shyira HD"
216,"03063","Nyakigezi","CS","03","03","OUEST","0304","NYABIHU","030410","Rugera",-1.62,29.63,"public",11075,2002,"National Census",192,"Shyira HD"
215,"03062","Mwiyanike","CS","03","03","OUEST","0304","NYABIHU","030405","Karago",-1.65,29.51,"public",26874,2002,"National Census",193,"Shyira HD"
214,"03061","Kora","CS","03","03","OUEST","0304","NYABIHU","030401","Bigogwe",-1.61,29.44,"public",12033,2002,"National Census",187,"Shyira HD"
209,"03056","Gakamba","CS","03","03","OUEST","0304","NYABIHU","030408","Muringa",-1.73,29.48,"public",21070,2002,"National Census",195,"Shyira HD"
260,"03107","Kibingo","CS","03","03","OUEST","0307","NYAMASHEKE","030704","Gihombo",-2.19,29.26,"public",22902,2002,"National Census",250,"Kibogora HD"
264,"03111","Mukoma","CS","03","03","OUEST","0307","NYAMASHEKE","030712","Nyabitekeri",-2.36,29.01,"agree",26616,2002,"National Census",258,"Bushenge HD"
255,"03102","Gisakura","CS","03",,"OUEST","0307","NYAMASHEKE",,,-2.45,29.08,"public",14877,2002,"National Census",249,"Bushenge HD"
256,"03103","Hanika","CS","03","03","OUEST","0307","NYAMASHEKE","030710","Macuba",-2.29,29.18,"agree",10631,2002,"National Census",257,"Kibogora HD"
257,"03104","Kamonyi","CS","03","03","OUEST","0307","NYAMASHEKE","030714","Ruharambuga",-2.44,29.02,"agree",19722,2002,"National Census",262,"Bushenge HD"
258,"03105","Karambi","CS","03","03","OUEST","0307","NYAMASHEKE","030707","Karambi",-2.31,29.24,"public",21153,2002,"National Census",260,"Kibogora HD"
259,"03106","Karengera","CS","03","03","OUEST","0307","NYAMASHEKE","030709","Kirimbi",-2.26,29.22,"agree",22840,2002,"National Census",255,"Kibogora HD"
261,"03108","Kibogora","CS","03","03","OUEST","0307","NYAMASHEKE","030706","Kanjongo",-2.33,29.13,"agree",26948,2002,"National Census",254,"Kibogora HD"
254,"03101","Gatare","CS","03","03","OUEST","0307","NYAMASHEKE","030710","Macuba",-2.30,29.21,"public",25218,2002,"National Census",251,"Kibogora HD"
263,"03110","Mugera","CS","03","03","OUEST","0307","NYAMASHEKE","030715","Shangi",,,"public",25140,2002,"National Census",259,"Bushenge HD"
265,"03112","Muyange","CS","03","03","OUEST","0307","NYAMASHEKE","030712","Nyabitekeri",-2.33,29.02,"agree",25484,2002,"National Census",264,"Bushenge HD"
266,"03113","Mwezi","CS","03","03","OUEST","0307","NYAMASHEKE","030708","Karengera",-2.52,29.03,"agree",26225,2002,"National Census",261,"Bushenge HD"
268,"03115","Rangiro","CS","03","03","OUEST","0307","NYAMASHEKE","030713","Rangiro",-2.40,29.16,"public",14367,2002,"National Census",252,"Kibogora HD"
269,"03116","Ruheru","CS","03","03","OUEST","0307","NYAMASHEKE","030706","Kanjongo",-2.35,29.16,"agree",21494,2002,"National Census",253,"Kibogora HD"
270,"03117","Yove","CS","03","03","OUEST","0307","NYAMASHEKE","030703","Cyato",-2.40,29.19,"agree",15698,2002,"National Census",256,"Kibogora HD"
573,,"Ngange","CS","03","03","OUEST","0307","NYAMASHEKE","030707","Karambi",,,"agree",,2008,,,
546,"441101","MAHEMBE","PS","03","03","OUEST","0307","NYAMASHEKE","030711","Mahembe",,,"public",,2008,,,
262,"03109","Kibogora HD","HD","03","03","OUEST","0307","NYAMASHEKE","030706","Kanjongo",-2.32,29.13,"agree",198755,2002,"National Census",267,
252,"03099","Bushenge","CS","03","03","OUEST","0307","NYAMASHEKE","030702","Bushenge",-2.44,28.98,"public",29890,2002,"National Census",263,"Bushenge HD"
267,"03114","Nyamasheke","CS","03","03","OUEST","0307","NYAMASHEKE","030705","Kagano",-2.34,29.08,"public",17504,2002,"National Census",265,"Kibogora HD"
253,"03100","Bushenge HD","HD","03","03","OUEST","0307","NYAMASHEKE","030702","Bushenge",-2.44,28.98,"public",142814,2002,"National Census",266,
205,"03052","Prison Gisenyi","PRIS","03","03","OUEST","0303","RUBAVU","030304","Gisenyi",-1.69,29.26,"public",,2002,"National Census",,
195,"03042","Busasamana","CS","03","03","OUEST","0303","RUBAVU","030302","Busasamana",-1.60,29.34,"public",41506,2002,"National Census",400,"Gisenyi HD"
196,"03043","Byahi","CS","03",,"OUEST","0303","RUBAVU",,,,,"public",14305,2002,"National Census",,"Gisenyi HD"
197,"03044","Gacuba II","CS","03","03","OUEST","0303","RUBAVU","030304","Gisenyi",-1.67,29.26,"public",9717,2002,"National Census",405,"Gisenyi HD"
198,"03045","Gisenyi","CS","03","03","OUEST","0303","RUBAVU","030304","Gisenyi",-1.71,29.26,"public",72847,2002,"National Census",406,"Gisenyi HD"
199,"03046","Gisenyi HD","HD","03","03","OUEST","0303","RUBAVU","030304","Gisenyi",-1.70,29.26,"public",320361,2002,"National Census",399,
200,"03047","Karambo","CS","03","03","OUEST","0303","RUBAVU","030305","Kanama",-1.71,29.37,"public",19390,2002,"National Census",402,"Gisenyi HD"
201,"03048","Kigufi","CS","03","03","OUEST","0303","RUBAVU","030309","Nyamyumba",-1.75,29.27,"public",23388,2002,"National Census",403,"Gisenyi HD"
202,"03049","Mudende","CS","03","03","OUEST","0303","RUBAVU","030307","Mudende",-1.60,29.37,"public",71235,2002,"National Census",404,"Gisenyi HD"
204,"03051","Nyundo","CS","03","03","OUEST","0303","RUBAVU","030309","Nyamyumba",-1.70,29.33,"agree",57793,2002,"National Census",401,"Gisenyi HD"
203,"03050","Murara","CS","03","03","OUEST","0303","RUBAVU","030311","Rubavu",-1.67,29.25,"public",24485,2002,"National Census",407,"Gisenyi HD"
248,"03095","Nkombo","CS","03","03","OUEST","0306","RUSIZI","030613","Nkombo",-2.40,28.89,"agree",15815,2002,"National Census",324,"Gihundwe HD"
240,"03087","Gihundwe","CS","03","03","OUEST","0306","RUSIZI","030609","Kamembe",-2.48,28.91,"public",45530,2002,"National Census",323,"Gihundwe HD"
239,"03086","Cimerwa","CS","03","03","OUEST","0306","RUSIZI","030601","Bugarama",-2.61,29.29,"private",984,2002,"National Census",,
251,"03098","Rusizi","CS","03","03","OUEST","0306","RUSIZI","030616","Nyakarenzo",-2.49,28.89,"agree",31864,2002,"National Census",321,"Gihundwe HD"
249,"03096","Nkungu","CS","03","03","OUEST","0306","RUSIZI","030614","Nkungu",-2.54,29.00,"agree",20489,2002,"National Census",322,"Mibilizi HD"
242,"03089","Islamic ","CS","03","03","OUEST","0306","RUSIZI","030601","Bugarama",,,"agree",,2008,,312,"Mibilizi HD"
247,"03094","Nkanka","CS","03","03","OUEST","0306","RUSIZI","030612","Nkanka",-2.42,28.92,"agree",42340,2002,"National Census",311,"Gihundwe HD"
246,"03093","Mushaka","CS","03","03","OUEST","0306","RUSIZI","030618","Rwimbogo",-2.63,28.95,"agree",51540,2002,"National Census",320,"Mibilizi HD"
237,"03084","Bugarama","CS","03","03","OUEST","0306","RUSIZI","030610","Muganza",-2.64,29.01,"agree",51858,2002,"National Census",319,"Mibilizi HD"
244,"03091","Mibilizi","CS","03","03","OUEST","0306","RUSIZI","030604","Gashonga",-2.49,28.89,"agree",42950,2002,"National Census",316,"Mibilizi HD"
243,"03090","Mashesha","CS","03","03","OUEST","0306","RUSIZI","030608","Gitambi",-2.59,29.00,"agree",31556,2002,"National Census",318,"Mibilizi HD"
238,"03085","Bweyeye","CS","03","03","OUEST","0306","RUSIZI","030603","Bweyeye",-2.61,29.21,"agree",17946,2002,"National Census",314,"Gihundwe HD"
584,,"Prison Cyangugu","PRIS","03","03","OUEST","0306","RUSIZI","030609","Kamembe",,,"public",,,,,
245,"03092","Mibilizi HD","HD","03","03","OUEST","0306","RUSIZI","030604","Gashonga",-2.56,28.95,"agree",217371,2002,"National Census",313,
250,"03097","Nyabitimbo","CS","03","03","OUEST","0306","RUSIZI","030602","Butare",-2.55,29.07,"agree",18978,2002,"National Census",317,"Mibilizi HD"
241,"03088","Gihundwe HD","HD","03","03","OUEST","0306","RUSIZI","030609","Kamembe",-2.48,28.91,"public",152495,2002,"National Census",315,
183,"03030","Kayove","CS","03","03","OUEST","0302","RUTSIRO","030212","Ruhango",-1.88,29.34,"public",30679,2002,"National Census",335,"Murunda HD"
182,"03029","Karumbi","CS","03","03","OUEST","0302","RUTSIRO","030207","Murunda",-1.86,29.45,"public",7221,2002,"National Census",334,"Murunda HD"
181,"03028","Kabona","CS","03","03","OUEST","0302","RUTSIRO","030213","Rusebeya",-1.94,29.48,"agree",11775,2002,"National Census",340,"Murunda HD"
180,"03027","Cyimbili","CS","03","03","OUEST","0302","RUTSIRO","030203","Kigeyo",-1.82,29.29,"agree",12788,2002,"National Census",337,"Murunda HD"
179,"03026","Crete Congo Nil","CS","03","03","OUEST","0302","RUTSIRO","030202","Gihango",-1.96,29.38,"agree",24984,2002,"National Census",329,"Murunda HD"
177,"03024","Biruyi","CS","03","03","OUEST","0302","RUTSIRO","030209","Mushonyi",-1.85,29.31,"agree",12878,2002,"National Census",336,"Murunda HD"
184,"03031","Kibingo (Rutsiro)","CS","03","03","OUEST","0302","RUTSIRO","030202","Gihango",,,"public",4862,2008,,332,"Murunda HD"
192,"03039","Mushubati","CS","03","03","OUEST","0302","RUTSIRO","030210","Mushubati",-2.01,29.39,"agree",16830,2002,"National Census",328,"Murunda HD"
178,"03025","Bitenga ","CS","03","03","OUEST","0302","RUTSIRO","030212","Ruhango",,,"public",9586,2008,,342,"Murunda HD"
186,"03033","Kinunu","CS","03","03","OUEST","0302","RUTSIRO","030201","Boneza",-1.90,29.29,"agree",18992,2002,"National Census",339,"Murunda HD"
187,"03034","Kivumu","CS","03","03","OUEST","0302","RUTSIRO","030204","Kivumu",-1.77,29.32,"agree",31709,2002,"National Census",327,"Murunda HD"
188,"03035","Mukura","CS","03","03","OUEST","0302","RUTSIRO","030206","Mukura",-2.00,29.48,"public",16301,2002,"National Census",331,"Murunda HD"
189,"03036","Murunda","CS","03","03","OUEST","0302","RUTSIRO","030207","Murunda",-1.91,29.37,"agree",34627,2002,"National Census",326,"Murunda HD"
191,"03038","Musasa","CS","03","03","OUEST","0302","RUTSIRO","030208","Musasa",-1.96,29.34,"public",9517,2002,"National Census",333,"Murunda HD"
193,"03040","Nyabirasi","CS","03","03","OUEST","0302","RUTSIRO","030211","Nyabirasi",-1.76,29.34,"public",23812,2002,"National Census",338,"Murunda HD"
190,"03037","Murunda HD","HD","03","03","OUEST","0302","RUTSIRO","030207","Murunda",-1.90,29.37,"agree",292705,2002,"National Census",325,
185,"03032","Kinihira","CS","03","03","OUEST","0302","RUTSIRO","030203","Kigeyo",-1.83,29.34,"public",13114,2002,"National Census",330,"Murunda HD"
194,"03041","Rutsiro","DISP","03","03","OUEST","0302","RUTSIRO","030205","Manihira",-1.91,29.45,"public",27478,2002,"National Census",341,"Murunda HD"
64,"02028","Mugombwa","CS","02","02","SUD","0202","GISAGARA","020208","Mugombwa",-2.67,29.86,"agree",18815,2002,"National Census",65,"Kibilizi HD"
59,"02023","Kibayi","CS","02","02","SUD","0202","GISAGARA","020209","Mukindo",-2.73,29.85,"public",22687,2002,"National Census",62,"Kibilizi HD"
55,"02019","Gikonko","CS","02","02","SUD","0202","GISAGARA","020201","Gikonko",-2.48,29.85,"agree",17403,2002,"National Census",59,"Gakoma HD"
56,"02020","Gikore","CS","02","02","SUD","0202","GISAGARA","020203","Kansi",-2.73,29.79,"agree",17364,2002,"National Census",58,"Kibilizi HD"
54,"02018","Gakoma HD","HD","02","02","SUD","0202","GISAGARA","020206","Mamba",-2.34,29.91,"agree",26268,2002,"National Census",56,
58,"02022","Kansi","CS","02","02","SUD","0202","GISAGARA","020203","Kansi",-2.70,29.75,"agree",16260,2002,"National Census",61,"Kibilizi HD"
65,"02029","Musha","CS","02","02","SUD","0202","GISAGARA","020210","Musha",-2.53,29.85,"public",19735,2002,"National Census",66,"Gakoma HD"
63,"02027","Kirarambogo","CS","02","02","SUD","0202","GISAGARA","020208","Mugombwa",-2.62,29.89,"agree",36619,2002,"National Census",64,"Kibilizi HD"
62,"02026","Kigembe","CS","02","02","SUD","0202","GISAGARA","020212","Nyanza",-2.78,29.73,"public",26325,2002,"National Census",67,"Kibilizi HD"
53,"02017","Gakoma","CS","02","02","SUD","0202","GISAGARA","020206","Mamba",-2.34,29.91,"agree",26268,2002,"National Census",57,"Gakoma HD"
61,"02025","Kibilizi HD","HD","02","02","SUD","0202","GISAGARA","020204","Kibirizi",-2.64,29.78,"public",189508,2002,"National Census",55,
60,"02024","Kibilizi","CS","02","02","SUD","0202","GISAGARA","020204","Kibirizi",-2.64,29.78,"public",22180,2002,"National Census",63,"Kibilizi HD"
57,"02021","Gisagara","CS","02","02","SUD","0202","GISAGARA","020211","Ndora",-2.59,29.83,"agree",29258,2002,"National Census",60,"Kibilizi HD"
66,"02030","Save","CS","02","02","SUD","0202","GISAGARA","020213","Save",-2.54,29.77,"agree",25402,2002,"National Census",68,"Gakoma HD"
97,"02061","Sovu","CS","02","02","SUD","0204","HUYE","020402","Huye",-2.56,29.62,"public",19543,2002,"National Census",82,"Kabutare HD"
96,"02060","Simbi","CS","02","02","SUD","0204","HUYE","020413","Simbi",-2.51,29.66,"agree",43312,2002,"National Census",77,"Kabutare HD"
95,"02059","Rwaniro","CS","02","02","SUD","0204","HUYE","020412","Rwaniro",,,"public",18000,2008,,83,
94,"02058","Rusatira-Kinazi","CS","02","02","SUD","0204","HUYE","020411","Rusatira",-2.43,29.77,"public",20845,2002,"National Census",78,"Kabutare HD"
93,"02057","Ruhashya-Rwaniro","CS","02","02","SUD","0204","HUYE","020410","Ruhashya",-2.47,29.72,"public",40165,2002,"National Census",79,"Kabutare HD"
92,"02056","Rubona","CS","02","02","SUD","0204","HUYE","020411","Rusatira",-2.47,29.76,"public",15811,2002,"National Census",80,"Kabutare HD"
91,"02055","Rango","CS","02","02","SUD","0204","HUYE","020414","Tumba",-2.63,29.74,"public",39773,2002,"National Census",76,"Kabutare HD"
90,"02054","Prison Karubanda","PRIS","02",,"SUD","0204","HUYE",,,-2.59,29.73,"public",9006,2002,"National Census",,
89,"02053","Mbazi","CS","02","02","SUD","0204","HUYE","020407","Mbazi",-2.55,29.74,"public",23019,2002,"National Census",75,"Kabutare HD"
88,"02052","Matyazo","CS","02","02","SUD","0204","HUYE","020402","Huye",-2.59,29.72,"agree",11795,2002,"National Census",74,"Kabutare HD"
87,"02051","Kinyamakara","CS","02","02","SUD","0204","HUYE","020404","Kigoma",-2.47,29.64,"public",23345,2002,"National Census",72,"Kabutare HD"
85,"02049","Kabutare HD","HD","02","02","SUD","0204","HUYE","020409","Ngoma",-2.60,29.74,"public",294724,2002,"National Census",69,
84,"02048","Huye Police","CS","02","02","SUD","0204","HUYE","020409","Ngoma",,,"public",10700,2008,,81,"Kabutare HD"
83,"02047","CUSP Butare","CS","02","02","SUD","0204","HUYE","020402","Huye",-2.26,29.74,"agree",13676,2002,"National Census",71,"Kabutare HD"
82,"02046","BUTARE CHU","HNR","02",,"SUD","0204","HUYE",,,-2.61,29.73,"public",,2002,"National Census",,
81,"02045","Busoro-Gishamvu","CS","02","02","SUD","0204","HUYE","020401","Gishamvu",-2.66,29.69,"public",14300,2002,"National Census",70,"Kabutare HD"
494,,"Prison Rwandex","PRIS","02","02","SUD","0204","HUYE","020409","Ngoma",,,"public",,,,,
86,"02050","Karama","CS","02","02","SUD","0204","HUYE","020403","Karama",-2.61,29.64,"agree",15856,2002,"National Census",73,"Kabutare HD"
149,"02113","Mugina","CS","02","02","SUD","0208","KAMONYI","020805","Mugina",-2.10,29.94,"public",30348,2002,"National Census",84,"Remera Rukoma HD"
148,"02112","Kigese","CS","02","02","SUD","0208","KAMONYI","020810","Rugarika",-2.01,29.97,"public",19404,2002,"National Census",93,"Remera Rukoma HD"
142,"02106","Cyeru","CS","02","02","SUD","0208","KAMONYI","020805","Mugina",-2.18,29.96,"public",11969,2002,"National Census",92,"Remera Rukoma HD"
526,"530102","KAMONYI","DISP","02",,"SUD","0208","KAMONYI",,,,,"private",,2008,,,
144,"02108","Kabuga","CS","02","02","SUD","0208","KAMONYI","020807","Ngamba",-1.88,29.93,"agree",6220,2002,"National Census",94,"Remera Rukoma HD"
527,"531103","GACURABWENGE","DISP","02","02","SUD","0208","KAMONYI","020801","Gacurabwenge",,,"private",,2008,,,
528,"530602","IWACU","DISP","02","02","SUD","0208","KAMONYI","020806","Musambira",,,"private",,2008,,,
529,"530801","INSHUTI NZIZA ","DISP","02",,"SUD","0208","KAMONYI",,,,,"private",,2008,,,
525,"531102","ANUPHIL","DISP","02",,"SUD","0208","KAMONYI",,,,,"private",,2008,,,
146,"02110","Karangara","CS","02","02","SUD","0208","KAMONYI","020807","Ngamba",-1.89,29.89,"public",10837,2002,"National Census",87,"Remera Rukoma HD"
524,"530401","AMIZERO","DISP","02",,"SUD","0208","KAMONYI",,,,,"private",,2008,,,
530,"530103","UBUZIMA BWIZA","DISP","02",,"SUD","0208","KAMONYI",,,,,"private",,2008,,,
153,"02117","Remera Rukoma HD","HD","02","02","SUD","0208","KAMONYI","020811","Rukoma",-1.93,29.90,"agree",289174,2002,"National Census",90,
152,"02116","Remera Rukoma","CS","02","02","SUD","0208","KAMONYI","020811","Rukoma",-1.93,29.90,"agree",33706,2002,"National Census",91,"Remera Rukoma HD"
151,"02115","Nyagihamba","CS","02","02","SUD","0208","KAMONYI","020809","Nyarubaka",,,"agree",25083,2008,"Clinton Foundation",89,"Remera Rukoma HD"
150,"02114","Musambira","CS","02","02","SUD","0208","KAMONYI","020806","Musambira",-2.04,29.84,"public",39019,2002,"National Census",86,"Remera Rukoma HD"
147,"02111","Kayenzi","CS","02","02","SUD","0208","KAMONYI","020803","Kayenzi",-1.90,29.85,"public",43044,2002,"National Census",88,"Remera Rukoma HD"
145,"02109","Kamonyi","CS","02","02","SUD","0208","KAMONYI","020801","Gacurabwenge",-2.00,29.90,"public",33290,2002,"National Census",95,"Remera Rukoma HD"
143,"02107","Gihara","CS","02","02","SUD","0208","KAMONYI","020812","Runda",-1.94,29.96,"agree",23229,2002,"National Census",85,"Remera Rukoma HD"
134,"02098","Kivumu","CS","02","02","SUD","0207","MUHANGA","020701","Cyeza",-2.04,29.80,"agree",20158,2002,"National Census",156,"Kabgayi HD"
141,"02105","Shyogwe","CS","02","02","SUD","0207","MUHANGA","020712","Shyogwe",-2.12,29.77,"public",21047,2002,"National Census",145,"Kabgayi HD"
140,"02104","Rutobwe","DISP","02","02","SUD","0207","MUHANGA","020701","Cyeza",-1.97,29.80,"public",33895,2002,"National Census",153,"Kabgayi HD"
139,"02103","Prison Gitarama","PRIS","02",,"SUD","0207","MUHANGA",,,-2.08,29.76,"public",,2002,"National Census",,
138,"02102","Nyarusange","CS","02","02","SUD","0207","MUHANGA","020709","Nyarusange",-2.09,29.68,"agree",25995,2002,"National Census",147,"Kabgayi HD"
137,"02101","Nyabinoni","CS","02","02","SUD","0207","MUHANGA","020707","Nyabinoni",-1.77,29.68,"public",19173,2002,"National Census",149,"Kabgayi HD"
135,"02099","Mushishiro","CS","02","02","SUD","0207","MUHANGA","020706","Mushishiro",-2.00,29.68,"agree",32515,2002,"National Census",146,"Kabgayi HD"
133,"02097","Kabgayi HD","HD","02","02","SUD","0207","MUHANGA","020708","Nyamabuye",-2.10,29.75,"agree",327381,2002,"National Census",158,
132,"02096","Kabgayi","CS","02","02","SUD","0207","MUHANGA","020708","Nyamabuye",-2.10,29.75,"agree",20353,2002,"National Census",155,"Kabgayi HD"
131,"02095","Gitega","CS","02","02","SUD","0207","MUHANGA","020703","Kibangu",-1.84,29.69,"public",23226,2002,"National Census",152,"Kabgayi HD"
130,"02094","Gitarama","CS","02","02","SUD","0207","MUHANGA","020712","Shyogwe",-2.07,29.78,"public",36686,2002,"National Census",148,"Kabgayi HD"
129,"02093","Gasovu","CS","02","02","SUD","0207","MUHANGA","020711","Rugendabari",-1.91,29.79,"public",14625,2002,"National Census",150,"Kabgayi HD"
128,"02092","Buramba","CS","02","02","SUD","0207","MUHANGA","020702","Kabacuzi",-1.96,29.71,"public",24142,2002,"National Census",157,"Kabgayi HD"
127,"02091","Birehe","CS","02","02","SUD","0207","MUHANGA","020710","Rongi",-1.76,29.74,"public",13393,2002,"National Census",154,"Kabgayi HD"
136,"02100","Nyabikenke","CS","02","02","SUD","0207","MUHANGA","020704","Kiyumba",-1.88,29.76,"public",42173,2002,"National Census",151,"Kabgayi HD"
492,"550303","Prison Gikongoro","PRIS","02","02","SUD","0205","NYAMAGABE","020503","Gasaka",,,"public",,2008,,,
545,"550801","KIBUMBWE","CS","02","02","SUD","0205","NYAMAGABE","020508","Kibumbwe",,,"public",,2008,,,"Kaduha HD"
562,,"MUGANO","CS","02","02","SUD","0205","NYAMAGABE","020511","Mugano",,,"public",,,,,
563,,"Kavumu","CS","02",,"SUD","0205","NYAMAGABE",,,,,"public",,,,,
468,,"Prison Gasaka","PRIS","02","02","SUD","0205","NYAMAGABE","020503","Gasaka",,,"public",,,,,
100,"02064","Kaduha","CS","02","02","SUD","0205","NYAMAGABE","020505","Kaduha",-2.33,29.52,"agree",34198,2002,"National Census",289,"Kaduha HD"
495,"550701","Bugarama","PS","02","02","SUD","0205","NYAMAGABE","020507","Kibirizi",,,"agree",,2008,,,
99,"02063","Jenda","CS","02","02","SUD","0205","NYAMAGABE","020512","Musange",-2.28,29.57,"public",25963,2002,"National Census",287,"Kaduha HD"
111,"02075","Nyarwungo","CS","02","02","SUD","0205","NYAMAGABE","020515","Nkomane",-2.29,29.40,"agree",12674,2002,"National Census",284,"Kaduha HD"
98,"02062","Cyanika","CS","02","02","SUD","0205","NYAMAGABE","020502","Cyanika",-2.44,29.60,"agree",18552,2002,"National Census",286,"Kigeme HD"
101,"02065","Kaduha HD","HD","02","02","SUD","0205","NYAMAGABE","020505","Kaduha",-2.33,29.52,"public",152795,2002,"National Census",294,
112,"02076","Rugege","CS","02","02","SUD","0205","NYAMAGABE","020504","Gatare",-2.36,29.38,"agree",16116,2002,"National Census",281,"Kaduha HD"
110,"02074","Nyarusiza","CS","02","02","SUD","0205","NYAMAGABE","020506","Kamegeri",-2.52,29.57,"public",17498,2002,"National Census",280,"Kigeme HD"
109,"02073","Nyamagabe","CS","02","02","SUD","0205","NYAMAGABE","020310","Nyabimata",-2.48,29.58,"public",36773,2002,"National Census",291,"Kigeme HD"
108,"02072","Ngara","CS","02","02","SUD","0205","NYAMAGABE","020503","Gasaka",-2.38,29.60,"public",18438,2002,"National Census",288,"Kigeme HD"
106,"02070","Musebeya","CS","02","02","SUD","0205","NYAMAGABE","020514","Mushubi",-2.42,29.44,"public",34249,2002,"National Census",282,"Kaduha HD"
105,"02069","Mbuga","CS","02","02","SUD","0205","NYAMAGABE","020516","Tare",-2.49,29.48,"agree",44081,2002,"National Census",285,"Kigeme HD"
102,"02066","Kigeme","CS","02","02","SUD","0205","NYAMAGABE","020503","Gasaka",-2.47,29.52,"agree",17160,2002,"National Census",292,"Kigeme HD"
104,"02068","Kitabi","CS","02","02","SUD","0205","NYAMAGABE","020516","Tare",-2.52,29.42,"public",24724,2002,"National Census",290,"Kigeme HD"
107,"02071","Mushubi","CS","02","02","SUD","0205","NYAMAGABE","020514","Mushubi",-2.34,29.44,"public",29595,2002,"National Census",283,"Kaduha HD"
103,"02067","Kigeme HD","HD","02","02","SUD","0205","NYAMAGABE","020503","Gasaka",-2.47,29.52,"agree",177226,2002,"National Census",,
52,"02016","Ruyenzi","CS","02","02","SUD","0201","NYANZA","020108","Ntyazo",-2.42,29.83,"agree",8955,2002,"National Census",214,"Nyanza HD"
49,"02013","Nyanza HD","HD","02","02","SUD","0201","NYANZA","020101","Busasamana",-2.35,29.74,"public",210228,2002,"National Census",215,
48,"02012","Nyanza","CS","02","02","SUD","0201","NYANZA","020101","Busasamana",-2.35,29.74,"public",30173,2002,"National Census",213,"Nyanza HD"
47,"02011","Nyamure","CS","02","02","SUD","0201","NYANZA","020107","Muyira",-2.34,29.84,"public",10344,2002,"National Census",212,"Nyanza HD"
40,"02004","Hanika (Nyanza)","CS","02","02","SUD","0201","NYANZA","020101","Busasamana",,,"agree",15086,2008,,205,
46,"02010","Nyamiyaga","CS","02","02","SUD","0201","NYANZA","020107","Muyira",-2.34,29.87,"public",12162,2002,"National Census",211,"Nyanza HD"
45,"02009","Ntyazo","CS","02","02","SUD","0201","NYANZA","020108","Ntyazo",-2.42,29.88,"public",9504,2002,"National Census",210,"Nyanza HD"
44,"02008","Mweya","CS","02","02","SUD","0201","NYANZA","020109","Nyagisozi",-2.33,29.64,"agree",13703,2002,"National Census",209,"Nyanza HD"
41,"02005","Kibilizi","CS","02","02","SUD","0201","NYANZA","020104","Kibilizi",-2.38,29.89,"agree",22031,2002,"National Census",206,"Nyanza HD"
51,"02015","Prison Nyanza","PRIS","02",,"SUD","0201","NYANZA",,,-2.35,29.75,"public",5371,2002,"National Census",,"Nyanza HD"
42,"02006","Kirambi","CS","02","02","SUD","0201","NYANZA","020109","Nyagisozi",-2.41,29.66,"agree",8954,2002,"National Census",207,"Nyanza HD"
43,"02007","Mucubira","CS","02","02","SUD","0201","NYANZA","020103","Cyabakamyi",-2.29,29.64,"public",19025,2002,"National Census",208,"Nyanza HD"
37,"02001","Busoro","CS","02","02","SUD","0201","NYANZA","020102","Busoro",-2.28,29.93,"agree",24146,2002,"National Census",202,"Nyanza HD"
39,"02003","Gatagara","CS","02","02","SUD","0201","NYANZA","020106","Mukingo",-2.29,29.74,"agree",26277,2002,"National Census",204,"Nyanza HD"
38,"02002","Cyaratsi","CS","02","02","SUD","0201","NYANZA","020110","Rwabicuma",-2.38,29.71,"public",12583,2002,"National Census",203,"Nyanza HD"
50,"02014","Prison Mpanga","PRIS","02",,"SUD","0201","NYANZA",,,-2.30,29.71,"public",7000,2002,"National Census",,
68,"02032","Cyahinda","CS","02","02","SUD","0203","NYARUGURU","020302","Cyahinda",-2.74,29.60,"agree",29624,2002,"National Census",386,"Munini HD"
79,"02043","Runyombyi","CS","02","02","SUD","0203","NYARUGURU","020301","Busanze",-2.77,29.53,"agree",32619,2002,"National Census",395,"Munini HD"
67,"02031","Coko","CS","02","02","SUD","0203","NYARUGURU","020302","Cyahinda",-2.71,29.58,"public",8200,2002,"National Census",385,"Munini HD"
69,"02033","Kabilizi","CS","02","02","SUD","0203","NYARUGURU","020314","Rusenge",-2.64,29.62,"public",17455,2002,"National Census",387,"Munini HD"
70,"02034","Kibeho","CS","02","02","SUD","0203","NYARUGURU","020303","Kibeho",-2.64,29.55,"agree",12852,2002,"National Census",388,"Munini HD"
71,"02035","Maraba","CS","02","02","SUD","0203","NYARUGURU","020311","Nyagisozi",-2.73,29.64,"public",16321,2002,"National Census",389,"Munini HD"
72,"02036","Muganza","CS","02","02","SUD","0203","NYARUGURU","020306","Muganza",-2.68,29.49,"agree",21837,2002,"National Census",390,"Munini HD"
73,"02037","Munini","CS","02","02","SUD","0203","NYARUGURU","020307","Munini",-2.71,29.53,"public",11795,2002,"National Census",391,"Munini HD"
74,"02038","Munini HD","HD","02","02","SUD","0203","NYARUGURU","020307","Munini",,,"public",268976,2008,"Clinton Foundation",398,
75,"02039","Nyabimata","CS","02","02","SUD","0203","NYARUGURU","020310","Nyabimata",-2.68,29.44,"public",25928,2002,"National Census",394,"Munini HD"
76,"02040","Nyamyumba","CS","02","02","SUD","0203","NYARUGURU","020305","Mata",-2.58,29.55,"public",7405,2002,"National Census",392,"Munini HD"
78,"02042","Ruheru","CS","02","02","SUD","0203","NYARUGURU","020312","Ruheru",-2.74,29.45,"agree",20833,2002,"National Census",396,"Munini HD"
80,"02044","Ruramba","CS","02","02","SUD","0203","NYARUGURU","020313","Ruramba",-2.55,29.53,"agree",15857,2002,"National Census",397,"Munini HD"
591,,"Ngoma","CS","02","02","SUD","0203","NYARUGURU","020309","Ngoma",,,"public",,2008,,,
592,,"Kivu","CS","02","02","SUD","0203","NYARUGURU","020304","Kivu",,,"public",,2008,,,
77,"02041","Nyantanga","CS","02","02","SUD","0203","NYARUGURU","020311","Nyagisozi",-2.72,29.65,"agree",10603,2002,"National Census",393,"Munini HD"
121,"02085","Mbuye","CS","02","02","SUD","0206","RUHANGO","020606","Mbuye",-2.13,29.84,"public",15352,2002,"National Census",223,"Gitwe HD"
124,"02088","Muyunzwe","CS","02","02","SUD","0206","RUHANGO","020605","Kinihira",-2.16,29.66,"agree",15343,2002,"National Census",226,"Gitwe HD"
119,"02083","Kinazi","CS","02","02","SUD","0206","RUHANGO","020604","Kinazi",-2.19,29.90,"public",24182,2002,"National Census",221,"Gitwe HD"
113,"02077","Byimana","CS","02","02","SUD","0206","RUHANGO","020602","Byimana",-2.15,29.74,"public",28657,2002,"National Census",216,"Gitwe HD"
125,"02089","Nyarurama","CS","02","02","SUD","0206","RUHANGO","020608","Ntongwe",-2.24,29.87,"public",15804,2002,"National Census",227,"Gitwe HD"
123,"02087","Muremure","CS","02","02","SUD","0206","RUHANGO","020605","Kinihira",-2.15,29.62,"public",8423,2002,"National Census",225,"Gitwe HD"
122,"02086","Mukoma","CS","02","02","SUD","0206","RUHANGO","020604","Kinazi",-2.20,29.94,"agree",10048,2002,"National Census",224,"Gitwe HD"
120,"02084","Kizibere","CS","02","02","SUD","0206","RUHANGO","020606","Mbuye",-2.17,29.81,"agree",12808,2002,"National Census",222,"Gitwe HD"
118,"02082","Kigoma","CS","02","02","SUD","0206","RUHANGO","020609","Ruhango",-2.26,29.79,"public",21372,2002,"National Census",220,"Gitwe HD"
117,"02081","Karambi","CS","02","02","SUD","0206","RUHANGO","020603","Kabagali",-2.22,29.65,"public",24227,2002,"National Census",219,"Gitwe HD"
116,"02080","Gitwe HD","HD","02","02","SUD","0206","RUHANGO","020601","Bweramana",-2.24,29.68,"agree",259227,2002,"National Census",229,
115,"02079","Gitwe","CS","02","02","SUD","0206","RUHANGO","020601","Bweramana",-2.24,29.68,"agree",22495,2002,"National Census",218,"Gitwe HD"
114,"02078","Gishweru","CS","02","02","SUD","0206","RUHANGO","020607","Mwendo",-2.12,29.65,"public",20314,2002,"National Census",217,"Gitwe HD"
126,"02090","Ruhango","CS","02","02","SUD","0206","RUHANGO","020609","Ruhango",-2.22,29.78,"agree",40202,2002,"National Census",228,"Gitwe HD"
14,"01014","CARAES Ndera","HNR","01",,"VILLE DE KIGALI","0102","GASABO",,,-1.95,30.16,"agree",,2002,"National Census",,
21,"01021","Kayanga","CS","01","01","VILLE DE KIGALI","0102","GASABO","010215","Rutunga",-1.84,30.19,"public",20796,2002,"National Census",413,"Kibagabaga HD"
26,"01026","Nyacyonga","CS","01","01","VILLE DE KIGALI","0102","GASABO","010205","Jabana",-1.86,30.08,"public",16663,2002,"National Census",416,"Kibagabaga HD"
25,"01025","Kinyinya","CS","01","01","VILLE DE KIGALI","0102","GASABO","010210","Kinyinya",-1.91,30.11,"public",12667,2002,"National Census",415,"Kibagabaga HD"
24,"01024","King Faisal Hospital","HNR","01","01","VILLE DE KIGALI","0102","GASABO","010207","Kacyiru",-1.94,30.09,"public",1,2002,"National Census",,
23,"01023","Kimironko","CS","01","01","VILLE DE KIGALI","0102","GASABO","010209","Kimironko",-1.95,30.12,"public",64865,2002,"National Census",414,"Kibagabaga HD"
22,"01022","Kibagabaga HD","HD","01","01","VILLE DE KIGALI","0102","GASABO","010207","Kacyiru",-1.93,30.11,"public",355172,2002,"National Census",419,
20,"01020","Kagugu","CS","01","01","VILLE DE KIGALI","0102","GASABO","010210","Kinyinya",-1.91,30.08,"public",29261,2002,"National Census",412,"Kibagabaga HD"
19,"01019","Kacyiru Police Hospital","HM","01",,"VILLE DE KIGALI","0102","GASABO",,,,,"Parastatal",,2008,,418,
18,"01018","Kacyiru","CS","01","01","VILLE DE KIGALI","0102","GASABO","010207","Kacyiru",-1.93,30.07,"public",59615,2002,"National Census",411,"Kibagabaga HD"
17,"01017","Kabuye","CS","01","01","VILLE DE KIGALI","0102","GASABO","010205","Jabana",-1.88,30.06,"public",14127,2002,"National Census",410,"Kibagabaga HD"
15,"01015","Bumbogo","CS","01","01","VILLE DE KIGALI","0102","GASABO","010201","Bumbogo",-1.85,30.15,"public",12441,2002,"National Census",408,"Kibagabaga HD"
28,"01028","Rubungo","CS","01","01","VILLE DE KIGALI","0102","GASABO","010211","Ndera",-1.94,30.17,"agree",14772,2002,"National Census",417,"Kibagabaga HD"
13,"01013","AVEGA Kigali","CS","01",,"VILLE DE KIGALI","0102","GASABO",,,-1.95,30.10,"private",,2002,"National Census",,
16,"01016","Jali","CS","01","01","VILLE DE KIGALI","0102","GASABO","010206","Jali",-1.89,30.01,"public",39332,2002,"National Census",409,"Kibagabaga HD"
551,,"Nduba","CS","01","01","VILLE DE KIGALI","0102","GASABO","010212","Nduba",,,"public",,,,,
552,,"Gikomero","CS","01","01","VILLE DE KIGALI","0102","GASABO","010203","Gikomero",,,"public",,,,,
27,"01027","Prison Kimironko","PRIS","01",,"VILLE DE KIGALI","0102","GASABO",,,-1.93,30.13,"public",6248,2002,"National Census",,
513,,"Gihogwe","CS","01","01","VILLE DE KIGALI","0102","GASABO","010206","Jali",,,"public",,,,,
29,"01029","Bethsaida ","CS","01","01","VILLE DE KIGALI","0103","KICUKIRO","010306","Kicukiro",,,"agree",46100,2008,,420,"Kanombe HM"
34,"01034","Kanombe HM","HM","01","01","VILLE DE KIGALI","0103","KICUKIRO","010305","Kanombe",-1.97,30.16,"public",230290,2002,"National Census",427,
35,"01035","Kicukiro","CS","01","01","VILLE DE KIGALI","0103","KICUKIRO","010309","Niboye",-1.97,30.11,"agree",49335,2002,"National Census",421,"Kanombe HM"
36,"01036","Masaka","CS","01","01","VILLE DE KIGALI","0103","KICUKIRO","010308","Masaka",-1.99,30.19,"agree",22857,2002,"National Census",425,"Kanombe HM"
32,"01032","Gikondo","CS","01","01","VILLE DE KIGALI","0103","KICUKIRO","010303","Gikondo",-1.97,30.07,"agree",71287,2002,"National Census",422,"Kanombe HM"
31,"01031","Gahanga","CS","01","01","VILLE DE KIGALI","0103","KICUKIRO","010301","Gahanga",-2.02,30.10,"public",13448,2002,"National Census",424,"Kanombe HM"
30,"01030","Busanza","CS","01","01","VILLE DE KIGALI","0103","KICUKIRO","010305","Kanombe",-1.98,30.14,"public",56999,2002,"National Census",423,"Kanombe HM"
33,"01033","Kabuga","CS","01","01","VILLE DE KIGALI","0103","KICUKIRO","010308","Masaka",-1.98,30.22,"agree",29552,2002,"National Census",426,"Kanombe HM"
558,,"Nyarugunga","CS","01","01","VILLE DE KIGALI","0103","KICUKIRO","010310","Nyarugunga",,,"public",,,,,
2,"01002","Butamwa","CS","01","01","VILLE DE KIGALI","0101","NYARUGENGE","010105","Mageragere",-2.02,30.02,"public",14774,2002,"National Census",429,"Muhima HD"
3,"01003","CHK/CHUK","HNR","01","01","VILLE DE KIGALI","0101","NYARUGENGE","010103","Kigali",-1.95,30.06,"public",,2002,"National Census",,
4,"01004","Cor-Unum","CS","01","01","VILLE DE KIGALI","0101","NYARUGENGE","010104","Kimisagara",-1.94,30.04,"agree",32699,2002,"National Census",430,"Muhima HD"
5,"01005","Gitega","CS","01","01","VILLE DE KIGALI","0101","NYARUGENGE","010109","Nyarugenge",-1.95,30.05,"public",41461,2002,"National Census",431,"Muhima HD"
6,"01006","Kabusunzu","CS","01","01","VILLE DE KIGALI","0101","NYARUGENGE","010109","Nyarugenge",-1.96,30.05,"public",55109,2002,"National Census",432,"Muhima HD"
7,"01007","Muhima","DISP","01","01","VILLE DE KIGALI","0101","NYARUGENGE","010106","Muhima",-1.93,30.05,"public",78953,2002,"National Census",433,"Muhima HD"
8,"01008","Muhima HD","HD","01","01","VILLE DE KIGALI","0101","NYARUGENGE","010106","Muhima",-1.93,30.05,"public",262615,2002,"National Census",436,
9,"01009","Mwendo","CS","01","01","VILLE DE KIGALI","0101","NYARUGENGE","010103","Kigali",-1.98,30.01,"public",17277,2002,"National Census",434,"Muhima HD"
10,"01010","PCK/Gitega","PRIS","01","01","VILLE DE KIGALI","0101","NYARUGENGE","010109","Nyarugenge",-1.94,30.05,"public",5917,2002,"National Census",,
12,"01012","TRAC Clinic","CS","01","01","VILLE DE KIGALI","0101","NYARUGENGE","010103","Kigali",-1.95,30.06,"public",,2002,"National Census",,
466,"230202","Croix du Sud","CLIN","01","01","VILLE DE KIGALI","0101","NYARUGENGE","010108","Nyamirambo",,,"private",,2008,,,
465,,"CMedicoSocial","DISP","01","01","VILLE DE KIGALI","0101","NYARUGENGE","010104","Kimisagara",,,"private",,,,,
1,"01001","Biryogo","CS","01","01","VILLE DE KIGALI","0101","NYARUGENGE","010107","Nyakabanda",-1.96,30.05,"agree",69332,2002,"National Census",428,"Muhima HD"
11,"01011","Rugarama","CS","01","01","VILLE DE KIGALI","0101","NYARUGENGE","010108","Nyamirambo",-1.99,30.04,"public",33401,2002,"National Census",435,"Muhima HD"
