FOSAID,GovtFOSACode,FOSAName,TypeFOSAabbreviation,ProvinceCode,ProvinceName,DistrictCode,DistrictName,SectorCode,SectorName,LatitudeDecimal,LongitudeDecimal,PrivatePublic,Population,PopulationYear,PopulationSource,CFCode,ParentFOSAName,Annee,codeTStrucSan
455,5102,Nzangwa,CS,5,EST,507,BUGESERA,,,-2.33945,30.26522,public,21338,2002,National Census,6,Nyamata HD,2009,CS
458,5105,Ruhuha,CS,5,EST,507,BUGESERA,50713,Ruhuha,-2.31,30.05442,agree,28771,2002,National Census,1,Nyamata HD,2009,CS
456,5103,Prison Rilima (via CS),PRIS,5,EST,507,BUGESERA,50712,Ririma,-2.17997,30.2239,public,9076,2002,National Census,,,2009,XX
454,5101,Nyamata HD,HD,5,EST,507,BUGESERA,50710,Nyamata,-2.13847,30.07988,public,333693,2002,National Census,12,,2009,HD
453,5100,Nyamata,CS,5,EST,507,BUGESERA,50710,Nyamata,-2.14697,30.09117,public,31170,2002,National Census,5,Nyamata HD,2009,CS
452,5099,Mwogo,CS,5,EST,507,BUGESERA,50707,Mwogo,-2.0844,30.15665,public,17340,2002,National Census,10,Nyamata HD,2009,CS
446,5093,Gakurazo,CS,5,EST,507,BUGESERA,50706,Musenyi,-2.18537,30.02538,public,16370,2002,National Census,11,Nyamata HD,2009,CS
450,5097,Mareba,CS,5,EST,507,BUGESERA,50704,Mareba,-2.24782,30.07023,public,31977,2002,National Census,9,Nyamata HD,2009,CS
449,5096,Kamabuye,CS,5,EST,507,BUGESERA,50703,Kamabuye,-2.37192,30.13015,public,29091,2002,National Census,8,Nyamata HD,2009,CS
448,5095,Gihinga,CS,5,EST,507,BUGESERA,50715,Shyara,-2.27062,30.00759,public,28288,2002,National Census,7,Nyamata HD,2009,CS
447,5094,Gashora,CS,5,EST,507,BUGESERA,50701,Gashora,-2.20553,30.24503,public,21651,2002,National Census,3,Nyamata HD,2009,CS
451,5098,Mayange,CS,5,EST,507,BUGESERA,50705,Mayange,-2.20678,30.14458,public,22584,2002,National Census,2,Nyamata HD,2009,CS
457,5104,Rilima,CS,5,EST,507,BUGESERA,50712,Ririma,-2.17997,30.2239,agree,47749,2002,National Census,4,Nyamata HD,2009,CS
387,5034,Gakenke,CS,5,EST,503,GATSIBO,50306,Kiramuruzi,-1.80162,30.4164,public,23635,2002,National Census,378,Kiziguro HD,2009,CS
388,5035,Gasange,CS,5,EST,503,GATSIBO,50301,Gasange,,,public,17316,2008,,372,Kiziguro HD,2009,CS
389,5036,Gituza,CS,5,EST,503,GATSIBO,50305,Kageyo,-1.61922,30.29185,public,19150,2002,National Census,367,Ngarama HD,2009,CS
390,5037,Humure,CS,5,EST,503,GATSIBO,50312,Remera,-1.7997,30.30645,public,10791,2002,National Census,384,Kiziguro HD,2009,CS
391,5038,Kabarore,CS,5,EST,503,GATSIBO,50304,Kabarore,-1.62425,30.38868,public,49846,2002,National Census,379,Kiziguro HD,2009,CS
392,5039,Kageyo,CS,5,EST,503,GATSIBO,50305,Kageyo,-1.67965,30.27093,public,11385,2002,National Census,369,Ngarama HD,2009,CS
394,5041,Kiziguro,CS,5,EST,503,GATSIBO,50307,Kiziguro,-1.76625,30.3848,agree,29464,2002,National Census,377,Kiziguro HD,2009,CS
397,5044,Ngarama,CS,5,EST,503,GATSIBO,50310,Ngarama,-1.54608,30.25975,public,29685,2002,National Census,370,Ngarama HD,2009,CS
463,120201,Camp Nyabiheke,CS,5,EST,503,GATSIBO,50302,Gatsibo,,,public,,2008,,,Ngarama HD,2009,CS
395,5042,Kiziguro HD,HD,5,EST,503,GATSIBO,50307,Kiziguro,-1.76667,30.38478,agree,195423,2002,National Census,380,,2009,HD
393,5040,Kibondo,CS,5,EST,503,GATSIBO,50304,Kabarore,-1.56397,30.31911,public,16486,2002,National Census,375,Ngarama HD,2009,CS
398,5045,Ngarama HD,HD,5,EST,503,GATSIBO,50310,Ngarama,-1.5462,30.24285,public,126245,2002,National Census,374,,2009,HD
399,5046,Nyagahanga,CS,5,EST,503,GATSIBO,50302,Gatsibo,-1.60967,30.22053,public,23586,2002,National Census,368,Ngarama HD,2009,CS
400,5047,Nyagihanga,CS,5,EST,503,GATSIBO,50311,Nyagihanga,,,public,21705,2002,National Census,382,Ngarama HD,2009,CS
386,5033,Bugarura,CS,5,EST,503,GATSIBO,50312,Remera,-1.73338,30.33777,public,13360,2002,National Census,371,Kiziguro HD,2009,CS
401,5048,Rugarama,CS,5,EST,503,GATSIBO,50313,Rugarama,-1.70047,30.41063,public,20563,2002,National Census,383,Kiziguro HD,2009,CS
396,5043,Muhura,CS,5,EST,503,GATSIBO,50308,Muhura,-1.75873,30.29203,agree,30985,2002,National Census,381,Kiziguro HD,2009,CS
402,5049,Rwembogo,CS,5,EST,503,GATSIBO,50314,Rwimbogo,,,agree,34149,2008,,373,Kiziguro HD,2009,CS
403,5050,Rwimitereri,CS,5,EST,503,GATSIBO,50309,Murambi,-1.81617,30.3455,public,16779,2002,National Census,376,Kiziguro HD,2009,CS
561,,Gitoki,CS,5,EST,503,GATSIBO,50303,Gitoki,,,public,,,,,,2009,CS
412,5059,Nyamirama,CS,5,EST,504,KAYONZA,50409,Nyamirama,,,public,16000,2002,National Census,125,Rwinkwavu HD,2009,CS
406,5053,Gahini HD,HD,5,EST,504,KAYONZA,50401,Gahini,-1.84073,30.48322,agree,103546,2002,National Census,129,,2009,HD
407,5054,Kabarondo,CS,5,EST,504,KAYONZA,50403,Kabarondo,-2.01038,30.5577,public,23000,2002,National Census,123,Rwinkwavu HD,2009,CS
409,5056,Mukarange,CS,5,EST,504,KAYONZA,50404,Mukarange,-1.90148,30.49707,public,24093,2002,National Census,127,Gahini HD,2009,CS
405,5052,Gahini,CS,5,EST,504,KAYONZA,50401,Gahini,-1.84073,30.48322,agree,18360,2002,National Census,130,Gahini HD,2009,CS
411,5058,Nyakabungo,CS,5,EST,504,KAYONZA,50407,Mwiri,-1.83912,30.58085,public,20782,2002,National Census,131,Gahini HD,2009,CS
408,5055,Karama,CS,5,EST,504,KAYONZA,50405,Murama,-2.05167,30.60173,public,16039,2002,National Census,126,Rwinkwavu HD,2009,CS
413,5060,Rukara,CS,5,EST,504,KAYONZA,50410,Rukara,-1.69697,30.503,agree,27968,2002,National Census,132,Gahini HD,2009,CS
414,5061,Ruramira,CS,5,EST,504,KAYONZA,50411,Ruramira,-1.98153,30.5041,public,11728,2002,National Census,122,Rwinkwavu HD,2009,CS
415,5062,Rutare,CS,5,EST,504,KAYONZA,50404,Mukarange,-1.92548,30.55543,public,19556,2002,National Census,124,Rwinkwavu HD,2009,CS
416,5063,Rwinkwavu,CS,5,EST,504,KAYONZA,50412,Rwinkwavu,-1.9643,30.6149,agree,19519,2002,National Census,120,Rwinkwavu HD,2009,CS
417,5064,Rwinkwavu HD,HD,5,EST,504,KAYONZA,50412,Rwinkwavu,-1.96407,30.61407,agree,129133,2002,National Census,119,,2009,HD
418,5065,Ryamanyoni,CS,5,EST,504,KAYONZA,50406,Murundi,-1.71842,30.48367,public,12343,2002,National Census,133,Gahini HD,2009,CS
496,130601,Buhabwa,PS,5,EST,504,KAYONZA,50406,Murundi,,,public,,2008,,,,2009,XX
498,130702,Kageyo (Kayonza),PS,5,EST,504,KAYONZA,50407,Mwiri,,,public,,2008,,,,2009,XX
410,5057,Ndego,CS,5,EST,504,KAYONZA,50408,Ndego,-2.01413,30.70225,agree,10053,2002,National Census,121,Rwinkwavu HD,2009,CS
531,130401,KAYONZA,DISP,5,EST,504,KAYONZA,,,,,private,,2008,,,,2009,XX
532,130301,KABARONDO (PRIVE),DISP,5,EST,504,KAYONZA,,,,,private,,2008,,,,2009,XX
533,130404,SEVER,DISP,5,EST,504,KAYONZA,,,,,private,,2008,,,,2009,XX
534,130303,UBUMWE,DISP,5,EST,504,KAYONZA,,,,,private,,2008,,,,2009,XX
404,5051,Cyarubare,CS,5,EST,504,KAYONZA,50402,Kabare,-2.02045,30.63772,public,29238,2002,National Census,128,Rwinkwavu HD,2009,CS
594,,Kageyo (Kayonza),CS,5,EST,504,KAYONZA,50407,Mwiri,,,public,,2009,,,,2009,CS
426,5073,Musaza,CS,5,EST,505,KIREHE,50508,Musaza,-2.33103,30.62853,public,33407,2002,National Census,140,Kirehe HD,2009,CS
432,5079,Rusumo,CS,5,EST,505,KIREHE,50511,Nyamugari,-2.28342,30.75603,agree,29400,2002,National Census,144,Kirehe HD,2009,CS
431,5078,Nyarubuye,CS,5,EST,505,KIREHE,50512,Nyarubuye,-2.17363,30.75833,agree,20768,2002,National Census,143,Kirehe HD,2009,CS
430,5077,Nyabitare,CS,5,EST,505,KIREHE,,,-2.2139,30.79453,public,7398,2002,National Census,,Kirehe HD,2009,CS
429,5076,Ntaruka,CS,5,EST,505,KIREHE,50509,Mushikiri,-2.14432,30.69068,public,27793,2002,National Census,142,Kirehe HD,2009,CS
427,5074,Mushikiri,DISP,5,EST,505,KIREHE,50509,Mushikiri,,,public,17227,2002,National Census,,,2009,XX
424,5071,Kirehe HD,HD,5,EST,505,KIREHE,50505,Kirehe,,,agree,,2002,National Census,293,,2009,HD
423,5070,Kirehe,CS,5,EST,505,KIREHE,50505,Kirehe,-2.26663,30.65359,agree,13816,2002,National Census,134,Kirehe HD,2009,CS
422,5069,Kabuye (Kirehe),DISP,5,EST,505,KIREHE,50507,Mpanga,-2.08765,30.77795,public,7060,2002,National Census,138,Kirehe HD,2009,XX
421,5068,Gashongora,CS,5,EST,505,KIREHE,50501,Gahara,-2.31787,30.55071,public,19227,2002,National Census,137,Kirehe HD,2009,CS
419,5066,Bukora,CS,5,EST,505,KIREHE,50511,Nyamugari,-2.30888,30.78652,public,21119,2002,National Census,135,Kirehe HD,2009,CS
425,5072,Mulindi,CS,5,EST,505,KIREHE,50510,Nasho,-2.1032,30.69223,agree,13816,2002,National Census,139,Kirehe HD,2009,CS
428,5075,Nasho,CS,5,EST,505,KIREHE,50507,Mpanga,-2.13042,30.85173,public,8972,2002,National Census,141,Kirehe HD,2009,CS
420,5067,Gahara,CS,5,EST,505,KIREHE,50501,Gahara,-2.3345,30.50427,public,19094,2002,National Census,136,Kirehe HD,2009,CS
434,5081,Jarama,CS,5,EST,506,NGOMA,50602,Jarama,-2.28008,30.38122,agree,19371,2002,National Census,161,Kibungo HD,2009,CS
439,5086,Nyange,CS,5,EST,506,NGOMA,50606,Mugesera,-2.11075,30.37288,public,20846,2002,National Census,165,Kibungo HD,2009,CS
438,5085,Mutenderi,CS,5,EST,506,NGOMA,50608,Mutenderi,-2.27317,30.48885,public,27957,2002,National Census,164,Kibungo HD,2009,CS
437,5084,Kirwa,CS,5,EST,506,NGOMA,50612,Rurenge,-2.07777,30.46718,public,17127,2002,National Census,163,Kibungo HD,2009,CS
435,5082,Kibungo,CS,5,EST,506,NGOMA,50605,Kibungo,-2.16263,30.54368,public,50270,2002,National Census,162,Kibungo HD,2009,CS
433,5080,Gituku,CS,5,EST,506,NGOMA,50610,Rukira,-2.13543,30.63962,agree,14669,2002,National Census,160,Kibungo HD,2009,CS
440,5087,Remera,CS,5,EST,506,NGOMA,50609,Remera,-2.0814,30.55595,public,17446,2002,National Census,166,Kibungo HD,2009,CS
436,5083,Kibungo HD,HD,5,EST,506,NGOMA,50605,Kibungo,-2.16595,30.53942,public,265639,2002,National Census,159,,2009,HD
442,5089,Rukoma Sake,CS,5,EST,506,NGOMA,50613,Sake,-2.21658,30.38538,agree,19542,2002,National Census,168,Kibungo HD,2009,CS
443,5090,Rukumberi,CS,5,EST,506,NGOMA,50611,Rukumberi,-2.17503,30.32645,public,18205,2002,National Census,169,Kibungo HD,2009,CS
445,5092,Zaza,CS,5,EST,506,NGOMA,50614,Zaza,-2.15572,30.43375,agree,21332,2002,National Census,171,Kibungo HD,2009,CS
441,5088,Rukira,CS,5,EST,506,NGOMA,50607,Murama,-2.19975,30.58808,agree,42264,2002,National Census,167,Kibungo HD,2009,CS
444,5091,Sangaza,CS,5,EST,506,NGOMA,50606,Mugesera,-2.18638,30.39935,public,11279,2002,National Census,170,Kibungo HD,2009,CS
373,5020,Matimba,CS,5,EST,502,NYAGATARE,50206,MATIMBA,-1.12627,30.42613,agree,11126,2002,National Census,244,,2009,CS
380,5027,Nyagatare HD,HD,5,EST,502,NYAGATARE,50210,NYAGATARE,-1.29812,30.32617,public,283131,2002,National Census,230,,2009,HD
385,5032,Tabagwe,CS,5,EST,502,NYAGATARE,50214,TABAGWE,-1.28722,30.21072,public,20990,2002,National Census,248,Nyagatare HD,2009,CS
384,5031,Rwempasha,CS,5,EST,502,NYAGATARE,50212,RWEMPASHA,-1.22089,30.30308,public,6607,2002,National Census,240,Nyagatare HD,2009,CS
383,5030,Rurenge,CS,5,EST,502,NYAGATARE,50211,RUKOMO,-1.33237,30.27705,public,12515,2002,National Census,243,Nyagatare HD,2009,CS
382,5029,Rukomo,CS,5,EST,502,NYAGATARE,50211,RUKOMO,-1.37893,30.25093,public,25626,2002,National Census,242,Nyagatare HD,2009,CS
381,5028,Nyarurema,CS,5,EST,502,NYAGATARE,50201,GATUNDA,-1.40512,30.1651,agree,27760,2002,National Census,232,Nyagatare HD,2009,CS
379,5026,Nyagatare,CS,5,EST,502,NYAGATARE,50210,NYAGATARE,-1.29628,30.32483,public,13252,2002,National Census,231,Nyagatare HD,2009,CS
377,5024,Nyabwishongwezi,CS,5,EST,502,NYAGATARE,50206,MATIMBA,-1.08056,30.41172,,11126,2002,National Census,,Nyagatare HD,2009,CS
376,5023,Ntoma,CS,5,EST,502,NYAGATARE,50209,MUSHERI,-1.13688,30.38993,public,17225,2002,National Census,239,Nyagatare HD,2009,CS
374,5021,Mimuri,CS,5,EST,502,NYAGATARE,50207,MIMURI,-1.44788,30.25208,public,10690,2002,National Census,237,Nyagatare HD,2009,CS
372,5019,Katabagemu,CS,5,EST,502,NYAGATARE,50204,KATABAGEMU,-1.47423,30.27691,public,17152,2002,National Census,241,Nyagatare HD,2009,CS
371,5018,Karangazi,CS,5,EST,502,NYAGATARE,50210,NYAGATARE,-1.38833,30.3885,public,23764,2002,National Census,234,Nyagatare HD,2009,CS
370,5017,Kagitumba,CS,5,EST,502,NYAGATARE,50206,MATIMBA,-1.07683,30.44938,public,5406,2002,National Census,245,Nyagatare HD,2009,CS
369,5016,Kabuga,CS,5,EST,502,NYAGATARE,50202,KARAMA,-1.35512,30.19835,public,11360,2002,National Census,247,Nyagatare HD,2009,CS
368,5015,Cyondo,CS,5,EST,502,NYAGATARE,50205,KIYOMBE,-1.44062,30.12055,public,14560,2002,National Census,236,Nyagatare HD,2009,CS
367,5014,Cyabayaga,CS,5,EST,502,NYAGATARE,50210,NYAGATARE,-1.3957,30.2951,public,14948,2002,National Census,235,Nyagatare HD,2009,CS
366,5013,Bugaragara,CS,5,EST,502,NYAGATARE,50213,RWIMIYAGA,-1.29073,30.4123,public,19808,2002,National Census,246,Nyagatare HD,2009,CS
375,5022,Muhambo,CS,5,EST,502,NYAGATARE,50201,GATUNDA,-1.4424,30.16457,public,12701,2002,National Census,233,Nyagatare HD,2009,CS
378,5025,Nyagahita,CS,5,EST,502,NYAGATARE,50207,MIMURI,-1.48608,30.20283,public,17641,2002,National Census,238,Nyagatare HD,2009,CS
547,170601,AVEGA RWAMAGANA,CLIN,5,EST,501,RWAMAGANA,50106,Muhazi,,,private,,2008,,,,2009,XX
358,5005,Muyumbu,CS,5,EST,501,RWAMAGANA,50110,Muyumbu,-1.97422,30.25727,public,15673,2002,National Census,349,Rwamagana HD,2009,CS
359,5006,Nyagasambu,CS,5,EST,501,RWAMAGANA,50101,Fumbwe,-1.8971,30.2743,public,29451,2002,National Census,350,Rwamagana HD,2009,CS
360,5007,Nyakaliro,CS,5,EST,501,RWAMAGANA,50112,Nyakaliro,-2.03617,30.25408,public,15568,2002,National Census,348,Rwamagana HD,2009,CS
361,5008,Nzige,CS,5,EST,501,RWAMAGANA,50113,Nzige,-2.02623,30.33705,public,25757,2002,National Census,346,Rwamagana HD,2009,CS
356,5003,Munyaga,CS,5,EST,501,RWAMAGANA,50107,Munyaga,-2.02758,30.4661,agree,15424,2002,National Census,351,Rwamagana HD,2009,CS
363,5010,Ruhunda,CS,5,EST,501,RWAMAGANA,50103,Gishali,-1.90057,30.41253,public,19860,2002,National Census,352,Rwamagana HD,2009,CS
355,5002,Karenge,CS,5,EST,501,RWAMAGANA,50104,Karenge,-2.08183,30.30962,public,12303,2002,National Census,347,Rwamagana HD,2009,CS
364,5011,Rwamagana,CS,5,EST,501,RWAMAGANA,50105,Kigabiro,-1.95078,30.43258,public,33504,2002,National Census,344,Rwamagana HD,2009,CS
365,5012,Rwamagana HD,HD,5,EST,501,RWAMAGANA,50105,Kigabiro,-1.95033,30.43312,public,205724,2002,National Census,343,,2009,HD
585,,Murambi,CS,5,EST,501,RWAMAGANA,50106,Muhazi,,,public,,,,,,2009,CS
550,170603,PRISON Nsinda,PRIS,5,EST,501,RWAMAGANA,50106,Muhazi,,,public,,2008,,,,2009,XX
549,171101,LA CONFIANCE,DISP,5,EST,501,RWAMAGANA,50111,Mwulire,,,private,,2008,,,,2009,XX
548,170602,DUFASHANYE,DISP,5,EST,501,RWAMAGANA,50114,Rubona,,,private,,2008,,,,2009,XX
362,5009,Rubona,CS,5,EST,501,RWAMAGANA,50114,Rubona,-2.03868,30.39668,public,24382,2002,National Census,345,Rwamagana HD,2009,CS
497,170201,Gahengeri,CS,5,EST,501,RWAMAGANA,50102,Gahengeri,,,public,,2008,,,Rwamagana HD,2009,CS
354,5001,Gishari/ Police,DISP,5,EST,501,RWAMAGANA,50103,Gishali,,,public,6400,2008,,354,,2009,XX
357,5004,Musha,CS,5,EST,501,RWAMAGANA,50109,Musha,-1.93105,30.33207,public,13802,2002,National Census,353,Rwamagana HD,2009,CS
326,4056,Kirambo,CS,4,NORD,404,BURERA,40416,Rusarabuye,-1.49317,29.83356,public,43314,2002,National Census,355,Butaro HD,2009,CS
320,4050,Bungwe,CS,4,NORD,404,BURERA,40401,Bungwe,-1.503,29.97292,agree,27889,2002,National Census,361,Butaro HD,2009,CS
321,4051,Butaro,CS,4,NORD,404,BURERA,40402,Butaro,-1.40892,29.83638,agree,35217,2002,National Census,365,Butaro HD,2009,CS
322,4052,Butaro HD,HD,4,NORD,404,BURERA,40402,Butaro,,,public,,2008,,,,2009,HD
323,4053,Gitare,CS,4,NORD,404,BURERA,40408,Kagogo,-2.39062,29.76645,public,47494,2002,National Census,366,Butaro HD,2009,CS
586,,Gahunga,CS,4,NORD,404,BURERA,40405,Gahunga,,,public,,,,,,2009,CS
325,4055,Kinyababa,CS,4,NORD,404,BURERA,40410,Kinyababa,-1.3682,29.81263,public,19900,2002,National Census,357,Butaro HD,2009,CS
330,4060,Nyamugali,CS,4,NORD,404,BURERA,40412,Nemba,-1.60395,29.88285,public,20014,2002,National Census,364,Butaro HD,2009,CS
327,4057,Kivuye,CS,4,NORD,404,BURERA,40411,Kivuye,-1.49218,29.93128,public,13604,2002,National Census,363,Butaro HD,2009,CS
329,4059,Ntaruka,CS,4,NORD,404,BURERA,40409,Kinoni,-1.4761,29.74788,public,21683,2002,National Census,356,Butaro HD,2009,CS
331,4061,Ruhunde,CS,4,NORD,404,BURERA,40415,Ruhunde,-1.57335,29.94159,public,18351,2002,National Census,360,Butaro HD,2009,CS
332,4062,Rusasa,CS,4,NORD,404,BURERA,40411,Kivuye,-1.45112,29.8704,public,12849,2002,National Census,362,Butaro HD,2009,CS
324,4054,Kinoni,CS,4,NORD,404,BURERA,40409,Kinoni,-1.43765,29.72788,agree,51291,2002,National Census,358,Butaro HD,2009,CS
328,4058,Mucaca,CS,4,NORD,404,BURERA,40414,Rugengabari,-1.38762,29.66865,public,24839,2002,National Census,359,Butaro HD,2009,CS
505,,Rwerere,CS,4,NORD,404,BURERA,40417,Rwerere,,,agree,,2008,,,,2009,CS
483,320701,Kamubuga,PS,4,NORD,402,GAKENKE,40207,Kamubuga,,,public,,2008,,,,2009,XX
504,,Ruhinga,PS,4,NORD,402,GAKENKE,40209,Kivuruga,,,public,,,,,,2009,XX
519,320702,KIDOMO,PS,4,NORD,402,GAKENKE,40207,Kamubuga,,,public,,2008,,,,2009,XX
520,321202,MUGUNGA,PS,4,NORD,402,GAKENKE,40212,Mugunga,,,public,,2008,,,,2009,XX
522,320903,SERERI,PS,4,NORD,402,GAKENKE,40209,Kivuruga,,,public,,2008,,,,2009,XX
307,4037,Rwankuba,CS,4,NORD,402,GAKENKE,40219,Rushashi,-1.75873,29.86392,agree,18089,2002,National Census,14,Ruli HD,2009,CS
306,4036,Rutenderi,CS,4,NORD,402,GAKENKE,40205,Gashenyi,-1.66653,29.85204,public,8000,2002,National Census,27,Nemba HD,2009,CS
305,4035,Rutake,CS,4,NORD,402,GAKENKE,40206,Janja,-1.78972,29.7235,public,12395,2002,National Census,23,Nemba HD,2009,CS
304,4034,Rusoro,CS,4,NORD,402,GAKENKE,40215,Muzo,-1.71243,29.6791,public,8680,2002,National Census,24,Nemba HD,2009,CS
303,4033,Rushashi,CS,4,NORD,402,GAKENKE,40219,Rushashi,-1.72597,29.85813,public,15272,2002,National Census,19,Ruli HD,2009,CS
302,4032,Ruli HD,HD,4,NORD,402,GAKENKE,40217,Ruli,-1.82968,29.8494,agree,110812,2002,National Census,32,,2009,HD
301,4031,Ruli,CS,4,NORD,402,GAKENKE,40217,Ruli,-1.82883,29.8483,agree,21502,2002,National Census,18,Ruli HD,2009,CS
291,4021,Gatonde,CS,4,NORD,402,GAKENKE,40212,Mugunga,-1.65873,29.6649,public,17611,2002,National Census,25,Nemba HD,2009,CS
288,4018,Bushoka,CS,4,NORD,402,GAKENKE,40209,Kivuruga,-1.59675,29.73607,public,17158,2002,National Census,28,Nemba HD,2009,CS
289,4019,Coko (Ruli),CS,4,NORD,402,GAKENKE,40202,Coko,-1.76472,29.82263,public,9647,2002,National Census,17,Ruli HD,2009,CS
300,4030,Rukura,CS,4,NORD,402,GAKENKE,40205,Gashenyi,-1.6965,29.82922,public,15949,2002,National Census,15,Ruli HD,2009,CS
290,4020,Cyabingo,CS,4,NORD,402,GAKENKE,40203,Cyabingo,-1.58542,29.68815,public,36975,2002,National Census,29,Nemba HD,2009,CS
292,4022,Janja,CS,4,NORD,402,GAKENKE,40206,Janja,-1.68235,29.67477,agree,24902,2002,National Census,21,Nemba HD,2009,CS
293,4023,Karambo,CS,4,NORD,402,GAKENKE,40208,Karambo,-1.63033,29.84022,public,25777,2002,National Census,31,Nemba HD,2009,CS
294,4024,Mataba,CS,4,NORD,402,GAKENKE,40210,Mataba,-1.71987,29.7436,public,23353,2002,National Census,26,Nemba HD,2009,CS
295,4025,Muhondo,CS,4,NORD,402,GAKENKE,40213,Muhondo,-1.80007,29.89535,public,13469,2002,National Census,13,Ruli HD,2009,CS
296,4026,Nemba,DISP,4,NORD,402,GAKENKE,40216,Nemba,-1.6382,29.7865,public,42547,2002,National Census,30,,2009,XX
297,4027,Nemba HD,HD,4,NORD,402,GAKENKE,40216,Nemba,-1.63778,29.78668,public,245100,2002,National Census,33,,2009,HD
298,4028,Nyange (Ruli),CS,4,NORD,402,GAKENKE,40202,Coko,-1.80107,29.79073,agree,8884,2002,National Census,16,Ruli HD,2009,CS
299,4029,Nyundo,CS,4,NORD,402,GAKENKE,40218,Rusasa,-1.60392,29.6585,public,12826,2002,National Census,20,Nemba HD,2009,CS
287,4017,Busengo,CS,4,NORD,402,GAKENKE,40201,Busengo,-1.62467,29.70117,public,22838,2002,National Census,22,Nemba HD,2009,CS
461,330601,Camp Gihembe,CS,4,NORD,405,GICUMBI,40506,Kageyo,,,public,,2008,,,Byumba HD,2009,CS
338,4068,Giti,CS,4,NORD,405,GICUMBI,40501,Bukure,-1.7889,30.22227,public,20330,2002,National Census,52,Byumba HD,2009,CS
342,4072,Muhondo,CS,4,NORD,405,GICUMBI,40506,Kageyo,-1.6288,30.08573,public,,2002,National Census,54,Byumba HD,2009,CS
341,4071,Miyove,CS,4,NORD,405,GICUMBI,40509,Miyove,-1.6161,29.97905,public,12520,2002,National Census,49,Byumba HD,2009,CS
340,4070,Manyagiro,CS,4,NORD,405,GICUMBI,40508,Manyagiro,-1.51852,30.00153,public,16573,2002,National Census,51,Byumba HD,2009,CS
339,4069,Kigogo,CS,4,NORD,405,GICUMBI,40514,Nyankenke,-1.59333,30.00968,public,24759,2002,National Census,42,Byumba HD,2009,CS
337,4067,Gisiza,CS,4,NORD,405,GICUMBI,40516,Rukomo,-1.60895,30.12438,public,13029,2002,National Census,36,Byumba HD,2009,CS
336,4066,Byumba HD,HD,4,NORD,405,GICUMBI,40503,Byumba,-1.58933,30.05508,public,360417,2002,National Census,39,,2009,HD
335,4065,Byumba,CS,4,NORD,405,GICUMBI,40503,Byumba,-1.58875,30.0558,public,20616,2002,National Census,38,Byumba HD,2009,CS
343,4073,Muko,CS,4,NORD,405,GICUMBI,40511,Muko,-1.6979,30.22822,public,14681,2002,National Census,43,Byumba HD,2009,CS
333,4063,Bushara,CS,4,NORD,405,GICUMBI,,,-1.35512,30.1984,agree,17407,2002,National Census,34,Byumba HD,2009,CS
348,4078,Rubaya,CS,4,NORD,405,GICUMBI,40515,Rubaya,-1.46393,29.99677,public,11722,2002,National Census,47,Byumba HD,2009,CS
334,4064,Bwisige,CS,4,NORD,405,GICUMBI,40502,Bwisige,-1.57958,30.15427,public,12248,2002,National Census,35,Byumba HD,2009,CS
345,4075,Mulindi,CS,4,NORD,405,GICUMBI,40507,Kaniga,-1.47808,30.04278,public,19177,2002,National Census,45,Byumba HD,2009,CS
353,4083,Tanda,CS,4,NORD,405,GICUMBI,40505,Giti,-1.79983,30.2621,public,17206,2002,National Census,46,Byumba HD,2009,CS
347,4077,Musenyi,CS,4,NORD,405,GICUMBI,40512,Mutete,-1.7056,30.09888,public,18509,2002,National Census,44,Byumba HD,2009,CS
349,4079,Ruhenda,CS,4,NORD,405,GICUMBI,40503,Byumba,-1.5544,30.04468,public,8838,2002,National Census,41,Byumba HD,2009,CS
350,4080,Rushaki,CS,4,NORD,405,GICUMBI,40517,Rushaki,-1.45505,30.09143,agree,24803,2002,National Census,50,Byumba HD,2009,CS
351,4081,Rutare (Gicumbi),CS,4,NORD,405,GICUMBI,40518,Rutare,-1.73075,30.1771,public,30293,2002,National Census,48,Byumba HD,2009,CS
352,4082,Rwesero,CS,4,NORD,405,GICUMBI,40520,Rwamiko,-1.79935,30.17663,agree,9393,2002,National Census,37,Byumba HD,2009,CS
344,4074,Mukono,CS,4,NORD,405,GICUMBI,40502,Bwisige,-1.56365,30.10838,public,17447,2002,National Census,40,Byumba HD,2009,CS
346,4076,Munyinya,CS,4,NORD,405,GICUMBI,40516,Rukomo,-1.64463,30.13542,public,17632,2002,National Census,53,Byumba HD,2009,CS
314,4044,Murandi,CS,4,NORD,403,MUSANZE,40313,Remera,-1.5473,29.72925,public,31172,2002,National Census,274,Ruhengeri HD,2009,CS
318,4048,Rwaza,CS,4,NORD,403,MUSANZE,40314,Rwaza,-1.54503,29.69303,agree,19556,2002,National Census,278,Ruhengeri HD,2009,CS
317,4047,Ruhengeri HD,HD,4,NORD,403,MUSANZE,40308,Muhoza,-1.50587,29.63673,public,348361,2002,National Census,277,,2009,HD
316,4046,Ruhengeri,DISP,4,NORD,403,MUSANZE,40308,Muhoza,-1.506,29.63662,public,75625,2002,National Census,276,,2009,XX
315,4045,Nyakinama,CS,4,NORD,403,MUSANZE,40311,Nkotsi,-1.57987,29.63485,agree,28125,2002,National Census,275,Ruhengeri HD,2009,CS
308,4038,Bisate,CS,4,NORD,403,MUSANZE,40307,Kinigi,-1.45582,29.52522,public,15427,2002,National Census,268,Ruhengeri HD,2009,CS
309,4039,Busogo,CS,4,NORD,403,MUSANZE,40301,Busogo,-1.55448,29.54021,agree,34186,2002,National Census,269,Ruhengeri HD,2009,CS
536,340802,PRISON RUHENGERI,DISP,4,NORD,403,MUSANZE,40308,Muhoza,,,public,,2008,,,,2009,XX
313,4043,Kinigi,CS,4,NORD,403,MUSANZE,40307,Kinigi,-1.4492,29.58238,public,33975,2002,National Census,273,Ruhengeri HD,2009,CS
311,4041,Kabere,DISP,4,NORD,403,MUSANZE,40309,Muko,-1.55535,29.59448,public,17106,2002,National Census,271,Ruhengeri HD,2009,XX
319,4049,Shingiro,CS,4,NORD,403,MUSANZE,40315,Shingiro,-1.50007,29.5525,public,31003,2002,National Census,279,Ruhengeri HD,2009,CS
310,4040,Gasiza,CS,4,NORD,403,MUSANZE,40302,Cyuve,-1.45175,29.65267,public,43091,2002,National Census,270,Ruhengeri HD,2009,CS
312,4042,Karwasa,CS,4,NORD,403,MUSANZE,40302,Cyuve,-1.48963,29.67615,public,19096,2002,National Census,272,Ruhengeri HD,2009,CS
535,340803,INFIRMERIE ACADEMY,DISP,4,NORD,403,MUSANZE,40308,Muhoza,,,private,,2008,,,,2009,XX
277,4007,Muyanza,CS,4,NORD,401,RULINDO,40104,BUYOGA,-1.69847,30.02855,agree,17802,2002,National Census,307,Rutongo HD,2009,CS
286,4016,Tumba,CS,4,NORD,401,RULINDO,40117,TUMBA,-1.70243,29.94437,public,20368,2002,National Census,310,Rutongo HD,2009,CS
285,4015,Tare,CS,4,NORD,401,RULINDO,40103,BUSHOKI,-1.66462,29.88813,public,13186,2002,National Census,302,Rutongo HD,2009,CS
284,4014,Shyorongi,CS,4,NORD,401,RULINDO,40116,SHYORONGI,-1.86612,29.9806,agree,9340,2002,National Census,297,Rutongo HD,2009,CS
282,4012,Rutongo HD,HD,4,NORD,401,RULINDO,40109,MASORO,-1.81483,30.05975,public,247061,2002,National Census,295,,2009,HD
280,4010,Rulindo,CS,4,NORD,401,RULINDO,40110,MBOGO,-1.43551,30.55835,public,19560,2002,National Census,308,Rutongo HD,2009,CS
278,4008,Remera-Mbogo,CS,4,NORD,401,RULINDO,40112,NGOMA,-1.7863,30.00292,public,12480,2002,National Census,300,Rutongo HD,2009,CS
283,4013,Rwahi,CS,4,NORD,401,RULINDO,40116,SHYORONGI,-1.86027,29.9224,agree,9584,2002,National Census,305,Rutongo HD,2009,CS
276,4006,Murambi,CS,4,NORD,401,RULINDO,40111,MURAMBI,-1.79273,30.044,public,18500,2002,National Census,299,Rutongo HD,2009,CS
275,4005,Masoro,CS,4,NORD,401,RULINDO,40109,MASORO,-1.82082,30.06017,public,17385,2002,National Census,296,Rutongo HD,2009,CS
274,4004,Kiyanza,CS,4,NORD,401,RULINDO,40113,NTARABANA,-1.76028,30.06612,public,20367,2002,National Census,301,Rutongo HD,2009,CS
273,4003,Kinihira,CS,4,NORD,401,RULINDO,40107,KINIHIRA,-1.6616,29.98848,public,5337,2002,National Census,303,Rutongo HD,2009,CS
272,4002,Kajevuba,CS,4,NORD,401,RULINDO,40113,NTARABANA,-1.80895,30.1262,public,11672,2002,National Census,298,Rutongo HD,2009,CS
271,4001,Buyoga,CS,4,NORD,401,RULINDO,40104,BUYOGA,-1.69417,30.01274,public,16465,2002,National Census,306,Rutongo HD,2009,CS
279,4009,Rukozo,CS,4,NORD,401,RULINDO,40114,RUKOZO,-1.62367,29.94803,agree,15458,2002,National Census,309,Rutongo HD,2009,CS
518,,Mushongi,CS,4,NORD,401,RULINDO,40101,BASE,,,public,,2008,,,,2009,CS
281,4011,Rutonde,CS,4,NORD,401,RULINDO,40116,SHYORONGI,-1.89848,29.96715,agree,21150,2002,National Census,304,Rutongo HD,2009,CS
516,,Kisaro,CS,4,NORD,401,RULINDO,40108,KISARO,,,public,,2008,,,,2009,CS
517,,Marembo,CS,4,NORD,401,RULINDO,40106,CYUNGO,,,public,,2008,,,,2009,CS
154,3001,Biguhu,CS,3,OUEST,301,KARONGI,30111,Ruganda,-2.22283,29.48918,agree,20186,2002,National Census,114,Kirinda HD,2009,CS
155,3002,Birambo,CS,3,OUEST,301,KARONGI,30102,Gashari,-2.14473,29.52205,agree,17767,2002,National Census,99,Kirinda HD,2009,CS
170,3017,Mukungu,CS,3,OUEST,301,KARONGI,30108,Mutuntu,-2.24055,29.24182,agree,21090,2002,National Census,105,Kibuye HD,2009,CS
175,3022,Rufungo,CS,3,OUEST,301,KARONGI,30110,Rugabano,-2.06775,29.5377,public,10264,2002,National Census,111,Kibuye HD,2009,CS
174,3021,Rubengera,CS,3,OUEST,301,KARONGI,30109,Rubengera,-2.0419,29.41307,agree,28075,2002,National Census,112,Kibuye HD,2009,CS
173,3020,Mwendo,CS,3,OUEST,301,KARONGI,30102,Gashari,-2.18494,29.51035,public,,2002,National Census,109,Kirinda HD,2009,CS
172,3019,Musango,CS,3,OUEST,301,KARONGI,30101,Bwishyura,-2.17428,29.43616,agree,20074,2002,National Census,113,,2009,CS
169,3016,Mugonero HD,HD,3,OUEST,301,KARONGI,30103,Gishyita,-2.18087,29.29267,agree,160275,2002,National Census,96,,2009,HD
156,3003,Bubazi,CS,3,OUEST,301,KARONGI,30109,Rubengera,-2.07275,29.4323,agree,5000,2002,National Census,110,,2009,CS
168,3015,Mugonero,DISP,3,OUEST,301,KARONGI,30103,Gishyita,-2.18215,29.29287,agree,10370,2002,National Census,108,Mugonero HD,2009,XX
462,411201,Kiziba Camp,CS,3,OUEST,301,KARONGI,30112,Rwankuba,,,public,,2008,,,Kibuye HD,2009,CS
164,3011,Kirinda,DISP,3,OUEST,301,KARONGI,30106,Murambi,-2.18548,29.5769,agree,7139,2002,National Census,100,,2009,XX
163,3010,Kirambo,CS,3,OUEST,301,KARONGI,30104,Gitesi,-2.11177,29.42193,agree,21132,2002,National Census,104,Kibuye HD,2009,CS
162,3009,Kibuye HD,HD,3,OUEST,301,KARONGI,30101,Bwishyura,-2.0679,29.3463,public,149094,2002,National Census,101,,2009,HD
158,3005,Gisovu,CS,3,OUEST,301,KARONGI,30113,Twumba,-2.23453,29.35958,public,15603,2002,National Census,106,Mugonero HD,2009,CS
176,3023,Rugabano,CS,3,OUEST,301,KARONGI,30110,Rugabano,-2.10198,29.4851,agree,18828,2002,National Census,103,Kirinda HD,2009,CS
171,3018,Munzanga,CS,3,OUEST,301,KARONGI,30107,Murundi,-2.1142,29.58348,public,23223,2002,National Census,98,Kirinda HD,2009,CS
159,3006,Karongi (Gisunzu) Police,CS,3,OUEST,301,KARONGI,,,,,public,8007,2002,National Census,118,Kibuye HD,2009,CS
157,3004,Gatare,CS,3,OUEST,301,KARONGI,30113,Twumba,-2.22562,29.3095,agree,11520,2002,National Census,107,Mugonero HD,2009,CS
161,3008,Kibuye,DISP,3,OUEST,301,KARONGI,30101,Bwishyura,-2.06802,29.34532,public,25465,2002,National Census,102,,2009,XX
167,3014,Mubuga,CS,3,OUEST,301,KARONGI,30105,Mubuga,-2.1336,29.31422,agree,13237,2002,National Census,115,Mugonero HD,2009,CS
166,3013,Mpembe,CS,3,OUEST,301,KARONGI,30103,Gishyita,-2.11786,29.26545,agree,4572,2002,National Census,116,Mugonero HD,2009,CS
165,3012,Kirinda HD,HD,3,OUEST,301,KARONGI,30106,Murambi,-1.93497,29.62532,agree,87143,2002,National Census,97,,2009,HD
160,3007,Karora,CS,3,OUEST,301,KARONGI,30105,Mubuga,-2.0874,29.29082,agree,17822,2002,National Census,117,Mugonero HD,2009,CS
232,3079,Nyange B,CS,3,OUEST,305,NGORORERO,30512,NYANGE,-2.05337,29.59613,public,39917,2002,National Census,177,Muhororo HD,2009,CS
225,3072,Kabaya HD,HD,3,OUEST,305,NGORORERO,30504,KABAYA,-1.74727,29.53733,public,79657,2002,National Census,184,,2009,HD
224,3071,Kabaya,CS,3,OUEST,305,NGORORERO,30504,KABAYA,-1.74738,29.53793,public,28470,2002,National Census,183,Kabaya HD,2009,CS
226,3073,Muhororo,CS,3,OUEST,305,NGORORERO,30509,MUHORORO,-1.93352,29.62677,public,29643,2002,National Census,176,Muhororo HD,2009,CS
227,3074,Muhororo HD,HD,3,OUEST,305,NGORORERO,30509,MUHORORO,-1.93497,29.62532,public,221140,2002,National Census,185,,2009,HD
223,3070,Gashubi,CS,3,OUEST,305,NGORORERO,30501,BWIRA,,,public,18000,2008,,180,Muhororo HD,2009,CS
228,3075,Muramba,CS,3,OUEST,305,NGORORERO,30503,HINDIRO,-1.77062,29.61253,public,30817,2002,National Census,179,Kabaya HD,2009,CS
229,3076,Ntaganzwa,CS,3,OUEST,305,NGORORERO,30509,MUHORORO,-1.89907,29.61605,public,39219,2002,National Census,172,Muhororo HD,2009,CS
231,3078,Nyange A,CS,3,OUEST,305,NGORORERO,30511,NGORORERO,-1.83593,29.64633,agree,31949,2002,National Census,174,Muhororo HD,2009,CS
233,3080,Ramba,CS,3,OUEST,305,NGORORERO,30506,KAVUMU,-1.87608,29.5295,public,26124,2002,National Census,181,Kabaya HD,2009,CS
235,3082,Rubona,CS,3,OUEST,305,NGORORERO,30502,GATUMBA,-1.9614,29.65242,public,15171,2002,National Census,173,Muhororo HD,2009,CS
234,3081,Rubaya,CS,3,OUEST,305,NGORORERO,30508,MUHANDA,-1.77655,29.50318,public,25063,2002,National Census,182,Kabaya HD,2009,CS
230,3077,Ntobwe,CS,3,OUEST,305,NGORORERO,30510,NDARO,,,public,23442,2008,,178,Muhororo HD,2009,CS
236,3083,Rususa,CS,3,OUEST,305,NGORORERO,30505,KAGEYO,-1.84095,29.63085,agree,30334,2002,National Census,175,Muhororo HD,2009,CS
476,421302,Rugari,DISP,3,OUEST,305,NGORORERO,30513,SOVU,,,Community,,2008,,,,2009,XX
475,421301,Mabuye,DISP,3,OUEST,305,NGORORERO,30513,SOVU,,,Community,,2008,,,,2009,XX
474,420301,Hindiro,DISP,3,OUEST,305,NGORORERO,30503,HINDIRO,,,Community,,2008,,,,2009,XX
473,420801,Gasiza,DISP,3,OUEST,305,NGORORERO,30508,MUHANDA,,,public,,2008,,,,2009,XX
472,420701,Gashonyi,DISP,3,OUEST,305,NGORORERO,30507,MATYAZO,,,Community,,2008,,,,2009,XX
211,3058,Kabari,CS,3,OUEST,304,NYABIHU,,,-1.64723,29.37743,public,,2002,National Census,,,2009,CS
544,431202,SHEMA,DISP,3,OUEST,304,NYABIHU,30412,Shyira,,,private,,2008,,,,2009,XX
206,3053,Arusha,CS,3,OUEST,304,NYABIHU,,,-1.67395,29.41216,public,8600,2002,National Census,197,Shyira HD,2009,CS
208,3055,Birembo,CS,3,OUEST,304,NYABIHU,30405,Karago,-1.69172,29.52505,public,13671,2002,National Census,190,Shyira HD,2009,CS
207,3054,Bigogwe,CS,3,OUEST,304,NYABIHU,30401,Bigogwe,-1.62445,29.42365,agree,15550,2002,National Census,196,Shyira HD,2009,CS
210,3057,Jomba,CS,3,OUEST,304,NYABIHU,30403,Jomba,-1.70943,29.59482,public,25014,2002,National Census,191,Shyira HD,2009,CS
213,3060,Kareba,CS,3,OUEST,304,NYABIHU,30402,Jenda,-1.58343,29.4763,public,26613,2002,National Census,198,Shyira HD,2009,CS
222,3069,Shyira HD,HD,3,OUEST,304,NYABIHU,30412,Shyira,-1.68205,29.62909,agree,292026,2002,National Census,199,,2009,HD
221,3068,Shyira,CS,3,OUEST,304,NYABIHU,30412,Shyira,-1.67903,29.52083,public,21079,2002,National Census,201,Shyira HD,2009,CS
220,3067,Rwankeri,CS,3,OUEST,304,NYABIHU,30407,Mukamira,-1.5863,29.53435,agree,41116,2002,National Census,194,Shyira HD,2009,CS
219,3066,Rurembo,CS,3,OUEST,304,NYABIHU,30411,Rurembo,-1.65965,29.57505,public,27075,2002,National Census,186,Shyira HD,2009,CS
218,3065,Rambura,CS,3,OUEST,304,NYABIHU,30409,Rambura,-1.67953,29.52083,agree,12292,2002,National Census,189,Shyira HD,2009,CS
212,3059,Kabatwa,CS,3,OUEST,304,NYABIHU,30404,Kabatwa,-1.54962,29.39247,public,16574,2002,National Census,200,Shyira HD,2009,CS
217,3064,Nyakiliba,CS,3,OUEST,304,NYABIHU,30410,Rugera,-1.63137,29.6089,public,13390,2002,National Census,188,Shyira HD,2009,CS
216,3063,Nyakigezi,CS,3,OUEST,304,NYABIHU,30410,Rugera,-1.6287,29.63268,public,11075,2002,National Census,192,Shyira HD,2009,CS
215,3062,Mwiyanike,CS,3,OUEST,304,NYABIHU,30405,Karago,-1.6564,29.51175,public,26874,2002,National Census,193,Shyira HD,2009,CS
214,3061,Kora,CS,3,OUEST,304,NYABIHU,30401,Bigogwe,-1.61295,29.44932,public,12033,2002,National Census,187,Shyira HD,2009,CS
209,3056,Gakamba,CS,3,OUEST,304,NYABIHU,30408,Muringa,-1.73183,29.48838,public,21070,2002,National Census,195,Shyira HD,2009,CS
260,3107,Kibingo,CS,3,OUEST,307,NYAMASHEKE,30704,Gihombo,-2.19952,29.2612,public,22902,2002,National Census,250,Kibogora HD,2009,CS
264,3111,Mukoma,CS,3,OUEST,307,NYAMASHEKE,30712,Nyabitekeri,-2.36327,29.01152,agree,26616,2002,National Census,258,Bushenge HD,2009,CS
255,3102,Gisakura,CS,3,OUEST,307,NYAMASHEKE,,,-2.4532,29.08813,public,14877,2002,National Census,249,Bushenge HD,2009,CS
256,3103,Hanika,CS,3,OUEST,307,NYAMASHEKE,30710,Macuba,-2.29142,29.18812,agree,10631,2002,National Census,257,Kibogora HD,2009,CS
257,3104,Kamonyi,CS,3,OUEST,307,NYAMASHEKE,30714,Ruharambuga,-2.44652,29.02073,agree,19722,2002,National Census,262,Bushenge HD,2009,CS
258,3105,Karambi,CS,3,OUEST,307,NYAMASHEKE,30707,Karambi,-2.31395,29.24788,public,21153,2002,National Census,260,Kibogora HD,2009,CS
259,3106,Karengera,CS,3,OUEST,307,NYAMASHEKE,30709,Kirimbi,-2.26084,29.22193,agree,22840,2002,National Census,255,Kibogora HD,2009,CS
261,3108,Kibogora,CS,3,OUEST,307,NYAMASHEKE,30706,Kanjongo,-2.33078,29.13729,agree,26948,2002,National Census,254,Kibogora HD,2009,CS
254,3101,Gatare,CS,3,OUEST,307,NYAMASHEKE,30710,Macuba,-2.30163,29.21543,public,25218,2002,National Census,251,Kibogora HD,2009,CS
263,3110,Mugera,CS,3,OUEST,307,NYAMASHEKE,30715,Shangi,,,public,25140,2002,National Census,259,Bushenge HD,2009,CS
265,3112,Muyange,CS,3,OUEST,307,NYAMASHEKE,30712,Nyabitekeri,-2.33355,29.02225,agree,25484,2002,National Census,264,Bushenge HD,2009,CS
266,3113,Mwezi,CS,3,OUEST,307,NYAMASHEKE,30708,Karengera,-2.52065,29.03042,agree,26225,2002,National Census,261,Bushenge HD,2009,CS
268,3115,Rangiro,CS,3,OUEST,307,NYAMASHEKE,30713,Rangiro,-2.4072,29.1664,public,14367,2002,National Census,252,Kibogora HD,2009,CS
269,3116,Ruheru,CS,3,OUEST,307,NYAMASHEKE,30706,Kanjongo,-2.35198,29.16997,agree,21494,2002,National Census,253,Kibogora HD,2009,CS
270,3117,Yove,CS,3,OUEST,307,NYAMASHEKE,30703,Cyato,-2.40662,29.1992,agree,15698,2002,National Census,256,Kibogora HD,2009,CS
573,,Ngange,CS,3,OUEST,307,NYAMASHEKE,30707,Karambi,,,agree,,2008,,,,2009,CS
546,441101,MAHEMBE,PS,3,OUEST,307,NYAMASHEKE,30711,Mahembe,,,public,,2008,,,,2009,XX
262,3109,Kibogora HD,HD,3,OUEST,307,NYAMASHEKE,30706,Kanjongo,-2.32628,29.13218,agree,198755,2002,National Census,267,,2009,HD
252,3099,Bushenge,CS,3,OUEST,307,NYAMASHEKE,30702,Bushenge,-2.4495,28.9855,public,29890,2002,National Census,263,Bushenge HD,2009,CS
267,3114,Nyamasheke,CS,3,OUEST,307,NYAMASHEKE,30705,Kagano,-2.34128,29.08994,public,17504,2002,National Census,265,Kibogora HD,2009,CS
253,3100,Bushenge HD,HD,3,OUEST,307,NYAMASHEKE,30702,Bushenge,-2.44518,28.98582,public,142814,2002,National Census,266,,2009,HD
205,3052,Prison Gisenyi,PRIS,3,OUEST,303,RUBAVU,30304,Gisenyi,-1.69988,29.26405,public,,2002,National Census,,,2009,XX
195,3042,Busasamana,CS,3,OUEST,303,RUBAVU,30302,Busasamana,-1.6041,29.34488,public,41506,2002,National Census,400,Gisenyi HD,2009,CS
196,3043,Byahi,CS,3,OUEST,303,RUBAVU,,,,,public,14305,2002,National Census,,Gisenyi HD,2009,CS
197,3044,Gacuba II,CS,3,OUEST,303,RUBAVU,30304,Gisenyi,-1.67942,29.26423,public,9717,2002,National Census,405,Gisenyi HD,2009,CS
198,3045,Gisenyi,CS,3,OUEST,303,RUBAVU,30304,Gisenyi,-1.71147,29.26273,public,72847,2002,National Census,406,Gisenyi HD,2009,CS
199,3046,Gisenyi HD,HD,3,OUEST,303,RUBAVU,30304,Gisenyi,-1.70217,29.26228,public,320361,2002,National Census,399,,2009,HD
200,3047,Karambo,CS,3,OUEST,303,RUBAVU,30305,Kanama,-1.71668,29.37737,public,19390,2002,National Census,402,Gisenyi HD,2009,CS
201,3048,Kigufi,CS,3,OUEST,303,RUBAVU,30309,Nyamyumba,-1.75103,29.27858,public,23388,2002,National Census,403,Gisenyi HD,2009,CS
202,3049,Mudende,CS,3,OUEST,303,RUBAVU,30307,Mudende,-1.60437,29.37683,public,71235,2002,National Census,404,Gisenyi HD,2009,CS
204,3051,Nyundo,CS,3,OUEST,303,RUBAVU,30309,Nyamyumba,-1.70298,29.33183,agree,57793,2002,National Census,401,Gisenyi HD,2009,CS
203,3050,Murara,CS,3,OUEST,303,RUBAVU,30311,Rubavu,-1.67245,29.25591,public,24485,2002,National Census,407,Gisenyi HD,2009,CS
248,3095,Nkombo,CS,3,OUEST,306,RUSIZI,30613,Nkombo,-2.40542,28.89467,agree,15815,2002,National Census,324,Gihundwe HD,2009,CS
240,3087,Gihundwe,CS,3,OUEST,306,RUSIZI,30609,Kamembe,-2.48328,28.91482,public,45530,2002,National Census,323,Gihundwe HD,2009,CS
239,3086,Cimerwa,CS,3,OUEST,306,RUSIZI,30601,Bugarama,-2.61097,29.29019,private,984,2002,National Census,,,2009,CS
251,3098,Rusizi,CS,3,OUEST,306,RUSIZI,30616,Nyakarenzo,-2.49303,28.89297,agree,31864,2002,National Census,321,Gihundwe HD,2009,CS
249,3096,Nkungu,CS,3,OUEST,306,RUSIZI,30614,Nkungu,-2.54252,29.00667,agree,20489,2002,National Census,322,Mibilizi HD,2009,CS
242,3089,Islamic,CS,3,OUEST,306,RUSIZI,30601,Bugarama,,,agree,,2008,,312,Mibilizi HD,2009,CS
247,3094,Nkanka,CS,3,OUEST,306,RUSIZI,30612,Nkanka,-2.42697,28.92893,agree,42340,2002,National Census,311,Gihundwe HD,2009,CS
246,3093,Mushaka,CS,3,OUEST,306,RUSIZI,30618,Rwimbogo,-2.63777,28.95313,agree,51540,2002,National Census,320,Mibilizi HD,2009,CS
237,3084,Bugarama,CS,3,OUEST,306,RUSIZI,30610,Muganza,-2.64302,29.01127,agree,51858,2002,National Census,319,Mibilizi HD,2009,CS
244,3091,Mibilizi,CS,3,OUEST,306,RUSIZI,30604,Gashonga,-2.49303,28.89297,agree,42950,2002,National Census,316,Mibilizi HD,2009,CS
243,3090,Mashesha,CS,3,OUEST,306,RUSIZI,30608,Gitambi,-2.59685,29.0073,agree,31556,2002,National Census,318,Mibilizi HD,2009,CS
238,3085,Bweyeye,CS,3,OUEST,306,RUSIZI,30603,Bweyeye,-2.61795,29.21397,agree,17946,2002,National Census,314,Gihundwe HD,2009,CS
584,,Prison Cyangugu,PRIS,3,OUEST,306,RUSIZI,30609,Kamembe,,,public,,,,,,2009,XX
245,3092,Mibilizi HD,HD,3,OUEST,306,RUSIZI,30604,Gashonga,-2.56765,28.95374,agree,217371,2002,National Census,313,,2009,HD
250,3097,Nyabitimbo,CS,3,OUEST,306,RUSIZI,30602,Butare,-2.55992,29.07001,agree,18978,2002,National Census,317,Mibilizi HD,2009,CS
241,3088,Gihundwe HD,HD,3,OUEST,306,RUSIZI,30609,Kamembe,-2.48303,28.91465,public,152495,2002,National Census,315,,2009,HD
183,3030,Kayove,CS,3,OUEST,302,RUTSIRO,30212,Ruhango,-1.88723,29.3437,public,30679,2002,National Census,335,Murunda HD,2009,CS
182,3029,Karumbi,CS,3,OUEST,302,RUTSIRO,30207,Murunda,-1.86492,29.45122,public,7221,2002,National Census,334,Murunda HD,2009,CS
181,3028,Kabona,CS,3,OUEST,302,RUTSIRO,30213,Rusebeya,-1.94365,29.48763,agree,11775,2002,National Census,340,Murunda HD,2009,CS
180,3027,Cyimbili,CS,3,OUEST,302,RUTSIRO,30203,Kigeyo,-1.82775,29.29258,agree,12788,2002,National Census,337,Murunda HD,2009,CS
179,3026,Crete Congo Nil,CS,3,OUEST,302,RUTSIRO,30202,Gihango,-1.9641,29.386,agree,24984,2002,National Census,329,Murunda HD,2009,CS
177,3024,Biruyi,CS,3,OUEST,302,RUTSIRO,30209,Mushonyi,-1.8516,29.31639,agree,12878,2002,National Census,336,Murunda HD,2009,CS
184,3031,Kibingo (Rutsiro),CS,3,OUEST,302,RUTSIRO,30202,Gihango,,,public,4862,2008,,332,Murunda HD,2009,CS
192,3039,Mushubati,CS,3,OUEST,302,RUTSIRO,30210,Mushubati,-2.01275,29.39993,agree,16830,2002,National Census,328,Murunda HD,2009,CS
178,3025,Bitenga,CS,3,OUEST,302,RUTSIRO,30212,Ruhango,,,public,9586,2008,,342,Murunda HD,2009,CS
186,3033,Kinunu,CS,3,OUEST,302,RUTSIRO,30201,Boneza,-1.90783,29.29443,agree,18992,2002,National Census,339,Murunda HD,2009,CS
187,3034,Kivumu,CS,3,OUEST,302,RUTSIRO,30204,Kivumu,-1.77678,29.32073,agree,31709,2002,National Census,327,Murunda HD,2009,CS
188,3035,Mukura,CS,3,OUEST,302,RUTSIRO,30206,Mukura,-2.00848,29.48692,public,16301,2002,National Census,331,Murunda HD,2009,CS
189,3036,Murunda,CS,3,OUEST,302,RUTSIRO,30207,Murunda,-1.91522,29.37665,agree,34627,2002,National Census,326,Murunda HD,2009,CS
191,3038,Musasa,CS,3,OUEST,302,RUTSIRO,30208,Musasa,-1.9625,29.34865,public,9517,2002,National Census,333,Murunda HD,2009,CS
193,3040,Nyabirasi,CS,3,OUEST,302,RUTSIRO,30211,Nyabirasi,-1.76195,29.34942,public,23812,2002,National Census,338,Murunda HD,2009,CS
190,3037,Murunda HD,HD,3,OUEST,302,RUTSIRO,30207,Murunda,-1.90687,29.3761,agree,292705,2002,National Census,325,,2009,HD
185,3032,Kinihira,CS,3,OUEST,302,RUTSIRO,30203,Kigeyo,-1.8321,29.34644,public,13114,2002,National Census,330,Murunda HD,2009,CS
194,3041,Rutsiro,DISP,3,OUEST,302,RUTSIRO,30205,Manihira,-1.91522,29.45703,public,27478,2002,National Census,341,Murunda HD,2009,XX
64,2028,Mugombwa,CS,2,SUD,202,GISAGARA,20208,Mugombwa,-2.6793,29.8601,agree,18815,2002,National Census,65,Kibilizi HD,2009,CS
59,2023,Kibayi,CS,2,SUD,202,GISAGARA,20209,Mukindo,-2.73207,29.8593,public,22687,2002,National Census,62,Kibilizi HD,2009,CS
55,2019,Gikonko,CS,2,SUD,202,GISAGARA,20201,Gikonko,-2.48407,29.85523,agree,17403,2002,National Census,59,Gakoma HD,2009,CS
56,2020,Gikore,CS,2,SUD,202,GISAGARA,20203,Kansi,-2.73288,29.79413,agree,17364,2002,National Census,58,Kibilizi HD,2009,CS
54,2018,Gakoma HD,HD,2,SUD,202,GISAGARA,20206,Mamba,-2.34972,29.91768,agree,26268,2002,National Census,56,,2009,HD
58,2022,Kansi,CS,2,SUD,202,GISAGARA,20203,Kansi,-2.70122,29.75083,agree,16260,2002,National Census,61,Kibilizi HD,2009,CS
65,2029,Musha,CS,2,SUD,202,GISAGARA,20210,Musha,-2.53537,29.85932,public,19735,2002,National Census,66,Gakoma HD,2009,CS
63,2027,Kirarambogo,CS,2,SUD,202,GISAGARA,20208,Mugombwa,-2.62067,29.89993,agree,36619,2002,National Census,64,Kibilizi HD,2009,CS
62,2026,Kigembe,CS,2,SUD,202,GISAGARA,20212,Nyanza,-2.7803,29.73707,public,26325,2002,National Census,67,Kibilizi HD,2009,CS
53,2017,Gakoma,CS,2,SUD,202,GISAGARA,20206,Mamba,-2.34972,29.91768,agree,26268,2002,National Census,57,Gakoma HD,2009,CS
61,2025,Kibilizi HD,HD,2,SUD,202,GISAGARA,20204,Kibirizi,-2.64863,29.78335,public,189508,2002,National Census,55,,2009,HD
60,2024,Kibilizi,CS,2,SUD,202,GISAGARA,20204,Kibirizi,-2.64912,29.78303,public,22180,2002,National Census,63,Kibilizi HD,2009,CS
57,2021,Gisagara,CS,2,SUD,202,GISAGARA,20211,Ndora,-2.5993,29.83787,agree,29258,2002,National Census,60,Kibilizi HD,2009,CS
66,2030,Save,CS,2,SUD,202,GISAGARA,20213,Save,-2.54592,29.77143,agree,25402,2002,National Census,68,Gakoma HD,2009,CS
97,2061,Sovu,CS,2,SUD,204,HUYE,20402,Huye,-2.56425,29.62048,public,19543,2002,National Census,82,Kabutare HD,2009,CS
96,2060,Simbi,CS,2,SUD,204,HUYE,20413,Simbi,-2.51377,29.66735,agree,43312,2002,National Census,77,Kabutare HD,2009,CS
95,2059,Rwaniro,CS,2,SUD,204,HUYE,20412,Rwaniro,,,public,18000,2008,,83,,2009,CS
94,2058,Rusatira-Kinazi,CS,2,SUD,204,HUYE,20411,Rusatira,-2.43185,29.77438,public,20845,2002,National Census,78,Kabutare HD,2009,CS
93,2057,Ruhashya-Rwaniro,CS,2,SUD,204,HUYE,20410,Ruhashya,-2.47975,29.72925,public,40165,2002,National Census,79,Kabutare HD,2009,CS
92,2056,Rubona,CS,2,SUD,204,HUYE,20411,Rusatira,-2.4772,29.76815,public,15811,2002,National Census,80,Kabutare HD,2009,CS
91,2055,Rango,CS,2,SUD,204,HUYE,20414,Tumba,-2.63887,29.74582,public,39773,2002,National Census,76,Kabutare HD,2009,CS
90,2054,Prison Karubanda,PRIS,2,SUD,204,HUYE,,,-2.59058,29.73937,public,9006,2002,National Census,,,2009,XX
89,2053,Mbazi,CS,2,SUD,204,HUYE,20407,Mbazi,-2.5517,29.74588,public,23019,2002,National Census,75,Kabutare HD,2009,CS
88,2052,Matyazo,CS,2,SUD,204,HUYE,20402,Huye,-2.59752,29.7204,agree,11795,2002,National Census,74,Kabutare HD,2009,CS
87,2051,Kinyamakara,CS,2,SUD,204,HUYE,20404,Kigoma,-2.47288,29.6485,public,23345,2002,National Census,72,Kabutare HD,2009,CS
85,2049,Kabutare HD,HD,2,SUD,204,HUYE,20409,Ngoma,-2.60738,29.74733,public,294724,2002,National Census,69,,2009,HD
84,2048,Huye Police,CS,2,SUD,204,HUYE,20409,Ngoma,,,public,10700,2008,,81,Kabutare HD,2009,CS
83,2047,CUSP Butare,CS,2,SUD,204,HUYE,20402,Huye,-2.26046,29.74143,agree,13676,2002,National Census,71,Kabutare HD,2009,CS
82,2046,BUTARE CHU,HNR,2,SUD,204,HUYE,,,-2.61205,29.73518,public,,2002,National Census,,,2009,XX
81,2045,Busoro-Gishamvu,CS,2,SUD,204,HUYE,20401,Gishamvu,-2.66548,29.69302,public,14300,2002,National Census,70,Kabutare HD,2009,CS
494,,Prison Rwandex,PRIS,2,SUD,204,HUYE,20409,Ngoma,,,public,,,,,,2009,XX
86,2050,Karama,CS,2,SUD,204,HUYE,20403,Karama,-2.61218,29.6437,agree,15856,2002,National Census,73,Kabutare HD,2009,CS
149,2113,Mugina,CS,2,SUD,208,KAMONYI,20805,Mugina,-2.10808,29.94647,public,30348,2002,National Census,84,Remera Rukoma HD,2009,CS
148,2112,Kigese,CS,2,SUD,208,KAMONYI,20810,Rugarika,-2.01467,29.97278,public,19404,2002,National Census,93,Remera Rukoma HD,2009,CS
142,2106,Cyeru,CS,2,SUD,208,KAMONYI,20805,Mugina,-2.18737,29.96953,public,11969,2002,National Census,92,Remera Rukoma HD,2009,CS
526,530102,KAMONYI,DISP,2,SUD,208,KAMONYI,,,,,private,,2008,,,,2009,XX
144,2108,Kabuga,CS,2,SUD,208,KAMONYI,20807,Ngamba,-1.88492,29.93777,agree,6220,2002,National Census,94,Remera Rukoma HD,2009,CS
527,531103,GACURABWENGE,DISP,2,SUD,208,KAMONYI,20801,Gacurabwenge,,,private,,2008,,,,2009,XX
528,530602,IWACU,DISP,2,SUD,208,KAMONYI,20806,Musambira,,,private,,2008,,,,2009,XX
529,530801,INSHUTI NZIZA,DISP,2,SUD,208,KAMONYI,,,,,private,,2008,,,,2009,XX
525,531102,ANUPHIL,DISP,2,SUD,208,KAMONYI,,,,,private,,2008,,,,2009,XX
146,2110,Karangara,CS,2,SUD,208,KAMONYI,20807,Ngamba,-1.89732,29.8998,public,10837,2002,National Census,87,Remera Rukoma HD,2009,CS
524,530401,AMIZERO,DISP,2,SUD,208,KAMONYI,,,,,private,,2008,,,,2009,XX
530,530103,UBUZIMA BWIZA,DISP,2,SUD,208,KAMONYI,,,,,private,,2008,,,,2009,XX
153,2117,Remera Rukoma HD,HD,2,SUD,208,KAMONYI,20811,Rukoma,-1.93877,29.90985,agree,289174,2002,National Census,90,,2009,HD
152,2116,Remera Rukoma,CS,2,SUD,208,KAMONYI,20811,Rukoma,-1.93877,29.90985,agree,33706,2002,National Census,91,Remera Rukoma HD,2009,CS
151,2115,Nyagihamba,CS,2,SUD,208,KAMONYI,20809,Nyarubaka,,,agree,25083,2008,Clinton Foundation,89,Remera Rukoma HD,2009,CS
150,2114,Musambira,CS,2,SUD,208,KAMONYI,20806,Musambira,-2.0481,29.84412,public,39019,2002,National Census,86,Remera Rukoma HD,2009,CS
147,2111,Kayenzi,CS,2,SUD,208,KAMONYI,20803,Kayenzi,-1.90968,29.85483,public,43044,2002,National Census,88,Remera Rukoma HD,2009,CS
145,2109,Kamonyi,CS,2,SUD,208,KAMONYI,20801,Gacurabwenge,-2.00448,29.90557,public,33290,2002,National Census,95,Remera Rukoma HD,2009,CS
143,2107,Gihara,CS,2,SUD,208,KAMONYI,20812,Runda,-1.9445,29.96152,agree,23229,2002,National Census,85,Remera Rukoma HD,2009,CS
134,2098,Kivumu,CS,2,SUD,207,MUHANGA,20701,Cyeza,-2.04773,29.80443,agree,20158,2002,National Census,156,Kabgayi HD,2009,CS
141,2105,Shyogwe,CS,2,SUD,207,MUHANGA,20712,Shyogwe,-2.12572,29.77748,public,21047,2002,National Census,145,Kabgayi HD,2009,CS
140,2104,Rutobwe,DISP,2,SUD,207,MUHANGA,20701,Cyeza,-1.97437,29.80007,public,33895,2002,National Census,153,Kabgayi HD,2009,XX
139,2103,Prison Gitarama,PRIS,2,SUD,207,MUHANGA,,,-2.08033,29.76402,public,,2002,National Census,,,2009,XX
138,2102,Nyarusange,CS,2,SUD,207,MUHANGA,20709,Nyarusange,-2.09215,29.6838,agree,25995,2002,National Census,147,Kabgayi HD,2009,CS
137,2101,Nyabinoni,CS,2,SUD,207,MUHANGA,20707,Nyabinoni,-1.77308,29.68333,public,19173,2002,National Census,149,Kabgayi HD,2009,CS
135,2099,Mushishiro,CS,2,SUD,207,MUHANGA,20706,Mushishiro,-2.00285,29.68445,agree,32515,2002,National Census,146,Kabgayi HD,2009,CS
133,2097,Kabgayi HD,HD,2,SUD,207,MUHANGA,20708,Nyamabuye,-2.10455,29.75058,agree,327381,2002,National Census,158,,2009,HD
132,2096,Kabgayi,CS,2,SUD,207,MUHANGA,20708,Nyamabuye,-2.10187,29.7525,agree,20353,2002,National Census,155,Kabgayi HD,2009,CS
131,2095,Gitega,CS,2,SUD,207,MUHANGA,20703,Kibangu,-1.84892,29.69177,public,23226,2002,National Census,152,Kabgayi HD,2009,CS
130,2094,Gitarama,CS,2,SUD,207,MUHANGA,20712,Shyogwe,-2.0758,29.78127,public,36686,2002,National Census,148,Kabgayi HD,2009,CS
129,2093,Gasovu,CS,2,SUD,207,MUHANGA,20711,Rugendabari,-1.9126,29.79427,public,14625,2002,National Census,150,Kabgayi HD,2009,CS
128,2092,Buramba,CS,2,SUD,207,MUHANGA,20702,Kabacuzi,-1.9663,29.71617,public,24142,2002,National Census,157,Kabgayi HD,2009,CS
127,2091,Birehe,CS,2,SUD,207,MUHANGA,20710,Rongi,-1.76792,29.74555,public,13393,2002,National Census,154,Kabgayi HD,2009,CS
136,2100,Nyabikenke,CS,2,SUD,207,MUHANGA,20704,Kiyumba,-1.8823,29.76977,public,42173,2002,National Census,151,Kabgayi HD,2009,CS
492,550303,Prison Gikongoro,PRIS,2,SUD,205,NYAMAGABE,20503,Gasaka,,,public,,2008,,,,2009,XX
545,550801,KIBUMBWE,CS,2,SUD,205,NYAMAGABE,20508,Kibumbwe,,,public,,2008,,,Kaduha HD,2009,CS
562,,MUGANO,CS,2,SUD,205,NYAMAGABE,20511,Mugano,,,public,,,,,,2009,CS
563,,Kavumu,CS,2,SUD,205,NYAMAGABE,,,,,public,,,,,,2009,CS
468,,Prison Gasaka,PRIS,2,SUD,205,NYAMAGABE,20503,Gasaka,,,public,,,,,,2009,XX
100,2064,Kaduha,CS,2,SUD,205,NYAMAGABE,20505,Kaduha,-2.3334,29.5249,agree,34198,2002,National Census,289,Kaduha HD,2009,CS
495,550701,Bugarama,PS,2,SUD,205,NYAMAGABE,20507,Kibirizi,,,agree,,2008,,,,2009,XX
99,2063,Jenda,CS,2,SUD,205,NYAMAGABE,20512,Musange,-2.28592,29.57324,public,25963,2002,National Census,287,Kaduha HD,2009,CS
111,2075,Nyarwungo,CS,2,SUD,205,NYAMAGABE,20515,Nkomane,-2.29628,29.40862,agree,12674,2002,National Census,284,Kaduha HD,2009,CS
98,2062,Cyanika,CS,2,SUD,205,NYAMAGABE,20502,Cyanika,-2.44067,29.60317,agree,18552,2002,National Census,286,Kigeme HD,2009,CS
101,2065,Kaduha HD,HD,2,SUD,205,NYAMAGABE,20505,Kaduha,-2.33335,29.52615,public,152795,2002,National Census,294,,2009,HD
112,2076,Rugege,CS,2,SUD,205,NYAMAGABE,20504,Gatare,-2.36833,29.38137,agree,16116,2002,National Census,281,Kaduha HD,2009,CS
110,2074,Nyarusiza,CS,2,SUD,205,NYAMAGABE,20506,Kamegeri,-2.5273,29.5776,public,17498,2002,National Census,280,Kigeme HD,2009,CS
109,2073,Nyamagabe,CS,2,SUD,205,NYAMAGABE,20310,Nyabimata,-2.48302,29.58403,public,36773,2002,National Census,291,Kigeme HD,2009,CS
108,2072,Ngara,CS,2,SUD,205,NYAMAGABE,20503,Gasaka,-2.3878,29.6042,public,18438,2002,National Census,288,Kigeme HD,2009,CS
106,2070,Musebeya,CS,2,SUD,205,NYAMAGABE,20514,Mushubi,-2.4255,29.44623,public,34249,2002,National Census,282,Kaduha HD,2009,CS
105,2069,Mbuga,CS,2,SUD,205,NYAMAGABE,20516,Tare,-2.49705,29.48067,agree,44081,2002,National Census,285,Kigeme HD,2009,CS
102,2066,Kigeme,CS,2,SUD,205,NYAMAGABE,20503,Gasaka,-2.47992,29.5257,agree,17160,2002,National Census,292,Kigeme HD,2009,CS
104,2068,Kitabi,CS,2,SUD,205,NYAMAGABE,20516,Tare,-2.52118,29.42745,public,24724,2002,National Census,290,Kigeme HD,2009,CS
107,2071,Mushubi,CS,2,SUD,205,NYAMAGABE,20514,Mushubi,-2.3484,29.44475,public,29595,2002,National Census,283,Kaduha HD,2009,CS
103,2067,Kigeme HD,HD,2,SUD,205,NYAMAGABE,20503,Gasaka,-2.47935,29.52578,agree,177226,2002,National Census,,,2009,HD
52,2016,Ruyenzi,CS,2,SUD,201,NYANZA,20108,Ntyazo,-2.42498,29.83008,agree,8955,2002,National Census,214,Nyanza HD,2009,CS
49,2013,Nyanza HD,HD,2,SUD,201,NYANZA,20101,Busasamana,-2.35268,29.7493,public,210228,2002,National Census,215,,2009,HD
48,2012,Nyanza,CS,2,SUD,201,NYANZA,20101,Busasamana,-2.35255,29.74867,public,30173,2002,National Census,213,Nyanza HD,2009,CS
47,2011,Nyamure,CS,2,SUD,201,NYANZA,20107,Muyira,-2.3493,29.84819,public,10344,2002,National Census,212,Nyanza HD,2009,CS
40,2004,Hanika (Nyanza),CS,2,SUD,201,NYANZA,20101,Busasamana,,,agree,15086,2008,,205,,2009,CS
46,2010,Nyamiyaga,CS,2,SUD,201,NYANZA,20107,Muyira,-2.34547,29.87252,public,12162,2002,National Census,211,Nyanza HD,2009,CS
45,2009,Ntyazo,CS,2,SUD,201,NYANZA,20108,Ntyazo,-2.4284,29.88537,public,9504,2002,National Census,210,Nyanza HD,2009,CS
44,2008,Mweya,CS,2,SUD,201,NYANZA,20109,Nyagisozi,-2.33155,29.64262,agree,13703,2002,National Census,209,Nyanza HD,2009,CS
41,2005,Kibilizi,CS,2,SUD,201,NYANZA,20104,Kibilizi,-2.38573,29.89483,agree,22031,2002,National Census,206,Nyanza HD,2009,CS
51,2015,Prison Nyanza,PRIS,2,SUD,201,NYANZA,,,-2.3539,29.75288,public,5371,2002,National Census,,Nyanza HD,2009,XX
42,2006,Kirambi,CS,2,SUD,201,NYANZA,20109,Nyagisozi,-2.41247,29.66145,agree,8954,2002,National Census,207,Nyanza HD,2009,CS
43,2007,Mucubira,CS,2,SUD,201,NYANZA,20103,Cyabakamyi,-2.29562,29.64245,public,19025,2002,National Census,208,Nyanza HD,2009,CS
37,2001,Busoro,CS,2,SUD,201,NYANZA,20102,Busoro,-2.28962,29.93048,agree,24146,2002,National Census,202,Nyanza HD,2009,CS
39,2003,Gatagara,CS,2,SUD,201,NYANZA,20106,Mukingo,-2.29638,29.74723,agree,26277,2002,National Census,204,Nyanza HD,2009,CS
38,2002,Cyaratsi,CS,2,SUD,201,NYANZA,20110,Rwabicuma,-2.38587,29.71435,public,12583,2002,National Census,203,Nyanza HD,2009,CS
50,2014,Prison Mpanga,PRIS,2,SUD,201,NYANZA,,,-2.30222,29.71778,public,7000,2002,National Census,,,2009,XX
68,2032,Cyahinda,CS,2,SUD,203,NYARUGURU,20302,Cyahinda,-2.74087,29.60907,agree,29624,2002,National Census,386,Munini HD,2009,CS
79,2043,Runyombyi,CS,2,SUD,203,NYARUGURU,20301,Busanze,-2.77983,29.53497,agree,32619,2002,National Census,395,Munini HD,2009,CS
67,2031,Coko,CS,2,SUD,203,NYARUGURU,20302,Cyahinda,-2.71613,29.58023,public,8200,2002,National Census,385,Munini HD,2009,CS
69,2033,Kabilizi,CS,2,SUD,203,NYARUGURU,20314,Rusenge,-2.6411,29.62337,public,17455,2002,National Census,387,Munini HD,2009,CS
70,2034,Kibeho,CS,2,SUD,203,NYARUGURU,20303,Kibeho,-2.64605,29.55317,agree,12852,2002,National Census,388,Munini HD,2009,CS
71,2035,Maraba,CS,2,SUD,203,NYARUGURU,20311,Nyagisozi,-2.73742,29.6456,public,16321,2002,National Census,389,Munini HD,2009,CS
72,2036,Muganza,CS,2,SUD,203,NYARUGURU,20306,Muganza,-2.68812,29.49418,agree,21837,2002,National Census,390,Munini HD,2009,CS
73,2037,Munini,CS,2,SUD,203,NYARUGURU,20307,Munini,-2.71378,29.53548,public,11795,2002,National Census,391,Munini HD,2009,CS
74,2038,Munini HD,HD,2,SUD,203,NYARUGURU,20307,Munini,,,public,268976,2008,Clinton Foundation,398,,2009,HD
75,2039,Nyabimata,CS,2,SUD,203,NYARUGURU,20310,Nyabimata,-2.68957,29.44438,public,25928,2002,National Census,394,Munini HD,2009,CS
76,2040,Nyamyumba,CS,2,SUD,203,NYARUGURU,20305,Mata,-2.58335,29.55563,public,7405,2002,National Census,392,Munini HD,2009,CS
78,2042,Ruheru,CS,2,SUD,203,NYARUGURU,20312,Ruheru,-2.74762,29.45403,agree,20833,2002,National Census,396,Munini HD,2009,CS
80,2044,Ruramba,CS,2,SUD,203,NYARUGURU,20313,Ruramba,-2.55978,29.53963,agree,15857,2002,National Census,397,Munini HD,2009,CS
591,,Ngoma,CS,2,SUD,203,NYARUGURU,20309,Ngoma,,,public,,2008,,,,2009,CS
592,,Kivu,CS,2,SUD,203,NYARUGURU,20304,Kivu,,,public,,2008,,,,2009,CS
77,2041,Nyantanga,CS,2,SUD,203,NYARUGURU,20311,Nyagisozi,-2.7285,29.65302,agree,10603,2002,National Census,393,Munini HD,2009,CS
121,2085,Mbuye,CS,2,SUD,206,RUHANGO,20606,Mbuye,-2.13123,29.84788,public,15352,2002,National Census,223,Gitwe HD,2009,CS
124,2088,Muyunzwe,CS,2,SUD,206,RUHANGO,20605,Kinihira,-2.16775,29.66115,agree,15343,2002,National Census,226,Gitwe HD,2009,CS
119,2083,Kinazi,CS,2,SUD,206,RUHANGO,20604,Kinazi,-2.19267,29.90462,public,24182,2002,National Census,221,Gitwe HD,2009,CS
113,2077,Byimana,CS,2,SUD,206,RUHANGO,20602,Byimana,-2.1567,29.74342,public,28657,2002,National Census,216,Gitwe HD,2009,CS
125,2089,Nyarurama,CS,2,SUD,206,RUHANGO,20608,Ntongwe,-2.24455,29.87387,public,15804,2002,National Census,227,Gitwe HD,2009,CS
123,2087,Muremure,CS,2,SUD,206,RUHANGO,20605,Kinihira,-2.15468,29.62002,public,8423,2002,National Census,225,Gitwe HD,2009,CS
122,2086,Mukoma,CS,2,SUD,206,RUHANGO,20604,Kinazi,-2.20148,29.94578,agree,10048,2002,National Census,224,Gitwe HD,2009,CS
120,2084,Kizibere,CS,2,SUD,206,RUHANGO,20606,Mbuye,-2.1728,29.81858,agree,12808,2002,National Census,222,Gitwe HD,2009,CS
118,2082,Kigoma,CS,2,SUD,206,RUHANGO,20609,Ruhango,-2.26187,29.79272,public,21372,2002,National Census,220,Gitwe HD,2009,CS
117,2081,Karambi,CS,2,SUD,206,RUHANGO,20603,Kabagali,-2.22555,29.6506,public,24227,2002,National Census,219,Gitwe HD,2009,CS
116,2080,Gitwe HD,HD,2,SUD,206,RUHANGO,20601,Bweramana,-2.2478,29.68933,agree,259227,2002,National Census,229,,2009,HD
115,2079,Gitwe,CS,2,SUD,206,RUHANGO,20601,Bweramana,-2.24103,29.68998,agree,22495,2002,National Census,218,Gitwe HD,2009,CS
114,2078,Gishweru,CS,2,SUD,206,RUHANGO,20607,Mwendo,-2.12587,29.65565,public,20314,2002,National Census,217,Gitwe HD,2009,CS
126,2090,Ruhango,CS,2,SUD,206,RUHANGO,20609,Ruhango,-2.229,29.78144,agree,40202,2002,National Census,228,Gitwe HD,2009,CS
14,1014,CARAES Ndera,HNR,1,VILLE DE KIGALI,102,GASABO,,,-1.95472,30.169,agree,,2002,National Census,,,2009,XX
21,1021,Kayanga,CS,1,VILLE DE KIGALI,102,GASABO,10215,Rutunga,-1.8421,30.19052,public,20796,2002,National Census,413,Kibagabaga HD,2009,CS
26,1026,Nyacyonga,CS,1,VILLE DE KIGALI,102,GASABO,10205,Jabana,-1.86805,30.08417,public,16663,2002,National Census,416,Kibagabaga HD,2009,CS
25,1025,Kinyinya,CS,1,VILLE DE KIGALI,102,GASABO,10210,Kinyinya,-1.91858,30.11195,public,12667,2002,National Census,415,Kibagabaga HD,2009,CS
24,1024,King Faisal Hospital,HNR,1,VILLE DE KIGALI,102,GASABO,10207,Kacyiru,-1.94397,30.0951,public,1,2002,National Census,,,2009,XX
23,1023,Kimironko,CS,1,VILLE DE KIGALI,102,GASABO,10209,Kimironko,-1.95148,30.12608,public,64865,2002,National Census,414,Kibagabaga HD,2009,CS
22,1022,Kibagabaga HD,HD,1,VILLE DE KIGALI,102,GASABO,10207,Kacyiru,-1.93087,30.11198,public,355172,2002,National Census,419,,2009,HD
20,1020,Kagugu,CS,1,VILLE DE KIGALI,102,GASABO,10210,Kinyinya,-1.91297,30.08625,public,29261,2002,National Census,412,Kibagabaga HD,2009,CS
19,1019,Kacyiru Police Hospital,HM,1,VILLE DE KIGALI,102,GASABO,,,,,public,,2008,,418,,2009,XX
18,1018,Kacyiru,CS,1,VILLE DE KIGALI,102,GASABO,10207,Kacyiru,-1.93318,30.07523,public,59615,2002,National Census,411,Kibagabaga HD,2009,CS
17,1017,Kabuye,CS,1,VILLE DE KIGALI,102,GASABO,10205,Jabana,-1.88988,30.06348,public,14127,2002,National Census,410,Kibagabaga HD,2009,CS
15,1015,Bumbogo,CS,1,VILLE DE KIGALI,102,GASABO,10201,Bumbogo,-1.85982,30.15383,public,12441,2002,National Census,408,Kibagabaga HD,2009,CS
28,1028,Rubungo,CS,1,VILLE DE KIGALI,102,GASABO,10211,Ndera,-1.9463,30.17382,agree,14772,2002,National Census,417,Kibagabaga HD,2009,CS
13,1013,AVEGA Kigali,CS,1,VILLE DE KIGALI,102,GASABO,,,-1.95858,30.10683,private,,2002,National Census,,,2009,CS
16,1016,Jali,CS,1,VILLE DE KIGALI,102,GASABO,10206,Jali,-1.89007,30.01905,public,39332,2002,National Census,409,Kibagabaga HD,2009,CS
551,,Nduba,CS,1,VILLE DE KIGALI,102,GASABO,10212,Nduba,,,public,,,,,,2009,CS
552,,Gikomero,CS,1,VILLE DE KIGALI,102,GASABO,10203,Gikomero,,,public,,,,,,2009,CS
27,1027,Prison Kimironko,PRIS,1,VILLE DE KIGALI,102,GASABO,,,-1.93923,30.13133,public,6248,2002,National Census,,,2009,XX
513,,Gihogwe,CS,1,VILLE DE KIGALI,102,GASABO,10206,Jali,,,public,,,,,,2009,CS
29,1029,Bethsaida,CS,1,VILLE DE KIGALI,103,KICUKIRO,10306,Kicukiro,,,agree,46100,2008,,420,Kanombe HM,2009,CS
34,1034,Kanombe HM,HM,1,VILLE DE KIGALI,103,KICUKIRO,10305,Kanombe,-1.97878,30.16782,public,230290,2002,National Census,427,,2009,XX
35,1035,Kicukiro,CS,1,VILLE DE KIGALI,103,KICUKIRO,10309,Niboye,-1.97675,30.11447,agree,49335,2002,National Census,421,Kanombe HM,2009,CS
36,1036,Masaka,CS,1,VILLE DE KIGALI,103,KICUKIRO,10308,Masaka,-1.99563,30.1913,agree,22857,2002,National Census,425,Kanombe HM,2009,CS
32,1032,Gikondo,CS,1,VILLE DE KIGALI,103,KICUKIRO,10303,Gikondo,-1.9703,30.0784,agree,71287,2002,National Census,422,Kanombe HM,2009,CS
31,1031,Gahanga,CS,1,VILLE DE KIGALI,103,KICUKIRO,10301,Gahanga,-2.0276,30.1043,public,13448,2002,National Census,424,Kanombe HM,2009,CS
30,1030,Busanza,CS,1,VILLE DE KIGALI,103,KICUKIRO,10305,Kanombe,-1.98012,30.14957,public,56999,2002,National Census,423,Kanombe HM,2009,CS
33,1033,Kabuga,CS,1,VILLE DE KIGALI,103,KICUKIRO,10308,Masaka,-1.98393,30.22853,agree,29552,2002,National Census,426,Kanombe HM,2009,CS
558,,Nyarugunga,CS,1,VILLE DE KIGALI,103,KICUKIRO,10310,Nyarugunga,,,public,,,,,,2009,CS
2,1002,Butamwa,CS,1,VILLE DE KIGALI,101,NYARUGENGE,10105,Mageragere,-2.02553,30.02367,public,14774,2002,National Census,429,Muhima HD,2009,CS
3,1003,CHK/CHUK,HNR,1,VILLE DE KIGALI,101,NYARUGENGE,10103,Kigali,-1.95655,30.06043,public,,2002,National Census,,,2009,XX
4,1004,Cor-Unum,CS,1,VILLE DE KIGALI,101,NYARUGENGE,10104,Kimisagara,-1.94545,30.04825,agree,32699,2002,National Census,430,Muhima HD,2009,CS
5,1005,Gitega,CS,1,VILLE DE KIGALI,101,NYARUGENGE,10109,Nyarugenge,-1.95775,30.05985,public,41461,2002,National Census,431,Muhima HD,2009,CS
6,1006,Kabusunzu,CS,1,VILLE DE KIGALI,101,NYARUGENGE,10109,Nyarugenge,-1.9636,30.05193,public,55109,2002,National Census,432,Muhima HD,2009,CS
7,1007,Muhima,DISP,1,VILLE DE KIGALI,101,NYARUGENGE,10106,Muhima,-1.9367,30.05857,public,78953,2002,National Census,433,Muhima HD,2009,XX
8,1008,Muhima HD,HD,1,VILLE DE KIGALI,101,NYARUGENGE,10106,Muhima,-1.93673,30.05848,public,262615,2002,National Census,436,,2009,HD
9,1009,Mwendo,CS,1,VILLE DE KIGALI,101,NYARUGENGE,10103,Kigali,-1.98215,30.01628,public,17277,2002,National Census,434,Muhima HD,2009,CS
10,1010,PCK/Gitega,PRIS,1,VILLE DE KIGALI,101,NYARUGENGE,10109,Nyarugenge,-1.94425,30.05412,public,5917,2002,National Census,,,2009,XX
12,1012,TRAC Clinic,CS,1,VILLE DE KIGALI,101,NYARUGENGE,10103,Kigali,-1.95663,30.06138,public,,2002,National Census,,,2009,CS
466,230202,Croix du Sud,CLIN,1,VILLE DE KIGALI,101,NYARUGENGE,10108,Nyamirambo,,,private,,2008,,,,2009,XX
465,,CMedicoSocial,DISP,1,VILLE DE KIGALI,101,NYARUGENGE,10104,Kimisagara,,,private,,,,,,2009,XX
1,1001,Biryogo,CS,1,VILLE DE KIGALI,101,NYARUGENGE,10107,Nyakabanda,-1.96695,30.05995,agree,69332,2002,National Census,428,Muhima HD,2009,CS
11,1011,Rugarama,CS,1,VILLE DE KIGALI,101,NYARUGENGE,10108,Nyamirambo,-1.99209,30.04337,public,33401,2002,National Census,435,Muhima HD,2009,CS